player,goalkeeper,shirt,position,fotmob_rating,minutes_played,goals,assists,expected_goals_xg,expected_goals_on_target_xgot,expected_assists_xa,xg_xa,total_shots,accurate_passes,accurate_passes_total,accurate_passes_pct,chances_created,shots_on_target,shots_off_target,blocked_shots,shot_accuracy,shot_accuracy_total,shot_accuracy_pct,shotmap,defensive_actions,touches,touches_in_opposition_box,successful_dribbles,successful_dribbles_total,successful_dribbles_pct,passes_into_final_third,accurate_crosses,accurate_crosses_total,accurate_crosses_pct,accurate_long_balls,accurate_long_balls_total,accurate_long_balls_pct,corners,dispossessed,xg_non_penalty,tackles,blocks,clearances,headed_clearance,interceptions,recoveries,dribbled_past,ground_duels_won,ground_duels_won_total,ground_duels_won_pct,aerial_duels_won,aerial_duels_won_total,aerial_duels_won_pct,was_fouled,fouls_committed,duels_won,duels_lost,big_chances_created,big_chances_missed,offsides,saves,goals_conceded,xgot_faced,goals_prevented,diving_save,saves_inside_box,acted_as_sweeper,punches,throws,high_claim,last_man_tackle,match_id,match_sequence,team,team_label,opponent,opponent_label,source_csv,player_slug,player_key,player_label,role,played
Neymar,No,10,3,6.17,14.0,0.0,0.0,0.01,0.15,0.07,0.08,1.0,12.0,13.0,92.0,3.0,1.0,0.0,0.0,1.0,1.0,100.0,1.0,0.0,24.0,2.0,0.0,1.0,0.0,2.0,1.0,4.0,25.0,0.0,0.0,0.0,3.0,2.0,0.01,0.0,0.0,0.0,0.0,0.0,1.0,0.0,1.0,4.0,25.0,0.0,0.0,0.0,1.0,0.0,1.0,3.0,0.0,0.0,0.0,0.0,0.0,0.0,0.0,0.0,0.0,0.0,0.0,0.0,0.0,0.0,brasil_x_escocia_estatisticas,1,brasil,Brasil,escocia,Escocia,build/extracted/brasil_escocia_dados/brasil_x_escocia_estatisticas.csv,neymar,neymar_10,Neymar (10),Ataque,True
Alex Sandro,No,6,1,0.0,8.0,0.0,0.0,0.0,0.0,0.0,0.0,0.0,12.0,12.0,100.0,0.0,0.0,0.0,0.0,0.0,0.0,0.0,0.0,0.0,13.0,0.0,0.0,0.0,0.0,0.0,0.0,0.0,0.0,0.0,0.0,0.0,0.0,0.0,0.0,0.0,0.0,0.0,0.0,0.0,0.0,0.0,0.0,1.0,0.0,0.0,0.0,0.0,0.0,1.0,0.0,1.0,0.0,0.0,0.0,0.0,0.0,0.0,0.0,0.0,0.0,0.0,0.0,0.0,0.0,0.0,brasil_x_escocia_estatisticas,1,brasil,Brasil,escocia,Escocia,build/extracted/brasil_escocia_dados/brasil_x_escocia_estatisticas.csv,alex_sandro,alex_sandro_6,Alex Sandro (6),Defesa,True
Danilo,No,13,1,7.58,90.0,0.0,0.0,0.0,0.0,0.47,0.47,0.0,64.0,68.0,94.0,1.0,0.0,0.0,0.0,0.0,0.0,0.0,0.0,5.0,82.0,1.0,0.0,0.0,0.0,4.0,0.0,1.0,0.0,1.0,2.0,50.0,0.0,0.0,0.0,1.0,0.0,2.0,2.0,2.0,7.0,0.0,1.0,4.0,25.0,1.0,1.0,100.0,0.0,3.0,2.0,3.0,1.0,0.0,0.0,0.0,0.0,0.0,0.0,0.0,0.0,0.0,0.0,0.0,0.0,0.0,brasil_x_escocia_estatisticas,1,brasil,Brasil,escocia,Escocia,build/extracted/brasil_escocia_dados/brasil_x_escocia_estatisticas.csv,danilo,danilo_13,Danilo (13),Defesa,True
Casemiro,No,5,2,7.21,65.0,0.0,0.0,0.02,0.0,0.22,0.24,1.0,34.0,37.0,92.0,0.0,0.0,0.0,1.0,0.0,0.0,0.0,1.0,11.0,52.0,0.0,0.0,0.0,0.0,6.0,0.0,1.0,0.0,3.0,4.0,75.0,0.0,0.0,0.02,4.0,1.0,4.0,1.0,2.0,0.0,0.0,5.0,6.0,83.0,0.0,0.0,0.0,1.0,1.0,5.0,1.0,0.0,0.0,0.0,0.0,0.0,0.0,0.0,0.0,0.0,0.0,0.0,0.0,0.0,0.0,brasil_x_escocia_estatisticas,1,brasil,Brasil,escocia,Escocia,build/extracted/brasil_escocia_dados/brasil_x_escocia_estatisticas.csv,casemiro,casemiro_5,Casemiro (5),Meio,True
Marquinhos,No,4,1,7.07,90.0,0.0,0.0,0.0,0.0,0.02,0.02,0.0,84.0,88.0,95.0,0.0,0.0,0.0,0.0,0.0,0.0,0.0,0.0,3.0,92.0,0.0,0.0,0.0,0.0,7.0,0.0,0.0,0.0,5.0,9.0,56.0,0.0,0.0,0.0,0.0,1.0,2.0,2.0,0.0,3.0,0.0,0.0,0.0,0.0,0.0,1.0,0.0,0.0,0.0,0.0,1.0,0.0,0.0,0.0,0.0,0.0,0.0,0.0,0.0,0.0,0.0,0.0,0.0,0.0,0.0,brasil_x_escocia_estatisticas,1,brasil,Brasil,escocia,Escocia,build/extracted/brasil_escocia_dados/brasil_x_escocia_estatisticas.csv,marquinhos,marquinhos_4,Marquinhos (4),Defesa,True
Weverton,Yes,12,0,0.0,0.0,0.0,0.0,0.0,0.0,0.0,0.0,0.0,0.0,0.0,0.0,0.0,0.0,0.0,0.0,0.0,0.0,0.0,0.0,0.0,0.0,0.0,0.0,0.0,0.0,0.0,0.0,0.0,0.0,0.0,0.0,0.0,0.0,0.0,0.0,0.0,0.0,0.0,0.0,0.0,0.0,0.0,0.0,0.0,0.0,0.0,0.0,0.0,0.0,0.0,0.0,0.0,0.0,0.0,0.0,0.0,0.0,0.0,0.0,0.0,0.0,0.0,0.0,0.0,0.0,0.0,brasil_x_escocia_estatisticas,1,brasil,Brasil,escocia,Escocia,build/extracted/brasil_escocia_dados/brasil_x_escocia_estatisticas.csv,weverton,weverton_12,Weverton (12),Goleiro,False
Alisson Becker,Yes,1,0,8.58,90.0,0.0,0.0,0.0,0.0,0.0,0.0,0.0,16.0,18.0,89.0,0.0,0.0,0.0,0.0,0.0,0.0,0.0,1.0,2.0,30.0,0.0,0.0,0.0,0.0,1.0,0.0,0.0,0.0,1.0,3.0,33.0,0.0,0.0,0.0,0.0,0.0,2.0,0.0,0.0,8.0,0.0,0.0,0.0,0.0,0.0,0.0,0.0,0.0,0.0,0.0,0.0,0.0,0.0,0.0,5.0,0.0,1.23,1.23,2.0,4.0,0.0,2.0,5.0,0.0,0.0,brasil_x_escocia_estatisticas,1,brasil,Brasil,escocia,Escocia,build/extracted/brasil_escocia_dados/brasil_x_escocia_estatisticas.csv,alisson_becker,alisson_becker_1,Alisson Becker (1),Goleiro,True
Douglas Santos,No,16,1,7.33,82.0,0.0,0.0,0.04,0.0,0.01,0.05,1.0,38.0,39.0,97.0,0.0,0.0,1.0,0.0,0.0,1.0,0.0,1.0,4.0,48.0,1.0,0.0,0.0,0.0,4.0,0.0,0.0,0.0,0.0,1.0,0.0,0.0,0.0,0.04,1.0,0.0,1.0,1.0,2.0,3.0,0.0,1.0,1.0,100.0,0.0,1.0,0.0,0.0,0.0,1.0,1.0,0.0,0.0,0.0,0.0,0.0,0.0,0.0,0.0,0.0,0.0,0.0,0.0,0.0,0.0,brasil_x_escocia_estatisticas,1,brasil,Brasil,escocia,Escocia,build/extracted/brasil_escocia_dados/brasil_x_escocia_estatisticas.csv,douglas_santos,douglas_santos_16,Douglas Santos (16),Defesa,True
Fabinho,No,17,2,6.65,25.0,0.0,0.0,0.0,0.0,0.01,0.01,0.0,27.0,28.0,96.0,0.0,0.0,0.0,0.0,0.0,0.0,0.0,0.0,5.0,33.0,0.0,0.0,0.0,0.0,3.0,0.0,0.0,0.0,1.0,1.0,100.0,0.0,0.0,0.0,0.0,0.0,3.0,2.0,2.0,0.0,0.0,0.0,1.0,0.0,2.0,2.0,100.0,0.0,1.0,2.0,1.0,0.0,0.0,0.0,0.0,0.0,0.0,0.0,0.0,0.0,0.0,0.0,0.0,0.0,0.0,brasil_x_escocia_estatisticas,1,brasil,Brasil,escocia,Escocia,build/extracted/brasil_escocia_dados/brasil_x_escocia_estatisticas.csv,fabinho,fabinho_17,Fabinho (17),Meio,True
Ederson,Yes,23,0,0.0,0.0,0.0,0.0,0.0,0.0,0.0,0.0,0.0,0.0,0.0,0.0,0.0,0.0,0.0,0.0,0.0,0.0,0.0,0.0,0.0,0.0,0.0,0.0,0.0,0.0,0.0,0.0,0.0,0.0,0.0,0.0,0.0,0.0,0.0,0.0,0.0,0.0,0.0,0.0,0.0,0.0,0.0,0.0,0.0,0.0,0.0,0.0,0.0,0.0,0.0,0.0,0.0,0.0,0.0,0.0,0.0,0.0,0.0,0.0,0.0,0.0,0.0,0.0,0.0,0.0,0.0,brasil_x_escocia_estatisticas,1,brasil,Brasil,escocia,Escocia,build/extracted/brasil_escocia_dados/brasil_x_escocia_estatisticas.csv,ederson,ederson_23,Ederson (23),Goleiro,False
Léo Pereira,No,15,1,0.0,0.0,0.0,0.0,0.0,0.0,0.0,0.0,0.0,0.0,0.0,0.0,0.0,0.0,0.0,0.0,0.0,0.0,0.0,0.0,0.0,0.0,0.0,0.0,0.0,0.0,0.0,0.0,0.0,0.0,0.0,0.0,0.0,0.0,0.0,0.0,0.0,0.0,0.0,0.0,0.0,0.0,0.0,0.0,0.0,0.0,0.0,0.0,0.0,0.0,0.0,0.0,0.0,0.0,0.0,0.0,0.0,0.0,0.0,0.0,0.0,0.0,0.0,0.0,0.0,0.0,0.0,brasil_x_escocia_estatisticas,1,brasil,Brasil,escocia,Escocia,build/extracted/brasil_escocia_dados/brasil_x_escocia_estatisticas.csv,leo_pereira,leo_pereira_15,Léo Pereira (15),Defesa,False
Lucas Paquetá,No,20,2,7.86,66.0,0.0,0.0,0.07,0.0,0.45,0.52,1.0,48.0,56.0,86.0,4.0,0.0,1.0,0.0,0.0,1.0,0.0,1.0,3.0,68.0,0.0,1.0,2.0,50.0,11.0,0.0,2.0,0.0,0.0,1.0,0.0,1.0,1.0,0.07,1.0,0.0,1.0,0.0,1.0,6.0,0.0,4.0,6.0,67.0,1.0,1.0,100.0,2.0,0.0,5.0,2.0,2.0,0.0,0.0,0.0,0.0,0.0,0.0,0.0,0.0,0.0,0.0,0.0,0.0,0.0,brasil_x_escocia_estatisticas,1,brasil,Brasil,escocia,Escocia,build/extracted/brasil_escocia_dados/brasil_x_escocia_estatisticas.csv,lucas_paqueta,lucas_paqueta_20,Lucas Paquetá (20),Meio,True
Gabriel,No,3,1,8.1,90.0,0.0,0.0,0.07,0.0,0.02,0.09,1.0,93.0,97.0,96.0,0.0,0.0,0.0,1.0,0.0,0.0,0.0,1.0,8.0,107.0,2.0,0.0,0.0,0.0,15.0,0.0,0.0,0.0,0.0,2.0,0.0,0.0,0.0,0.07,2.0,0.0,5.0,2.0,1.0,3.0,0.0,2.0,2.0,100.0,5.0,5.0,100.0,0.0,0.0,7.0,0.0,0.0,0.0,0.0,0.0,0.0,0.0,0.0,0.0,0.0,0.0,0.0,0.0,0.0,1.0,brasil_x_escocia_estatisticas,1,brasil,Brasil,escocia,Escocia,build/extracted/brasil_escocia_dados/brasil_x_escocia_estatisticas.csv,gabriel,gabriel_3,Gabriel (3),Defesa,True
Vinícius Júnior,No,7,3,9.27,90.0,2.0,0.0,3.06,3.26,0.51,3.5700000000000003,8.0,25.0,29.0,86.0,2.0,5.0,2.0,1.0,5.0,7.0,71.0,1.0,1.0,55.0,13.0,5.0,8.0,63.0,2.0,0.0,0.0,0.0,0.0,0.0,0.0,0.0,2.0,3.06,1.0,0.0,0.0,0.0,0.0,1.0,0.0,9.0,15.0,60.0,0.0,0.0,0.0,3.0,1.0,9.0,6.0,0.0,2.0,1.0,0.0,0.0,0.0,0.0,0.0,0.0,0.0,0.0,0.0,0.0,0.0,brasil_x_escocia_estatisticas,1,brasil,Brasil,escocia,Escocia,build/extracted/brasil_escocia_dados/brasil_x_escocia_estatisticas.csv,vinicius_junior,vinicius_junior_7,Vinícius Júnior (7),Ataque,True
Bruno Guimarães,No,8,2,8.9,90.0,0.0,2.0,0.03,0.0,0.68,0.7100000000000001,1.0,38.0,45.0,84.0,3.0,0.0,0.0,1.0,0.0,0.0,0.0,1.0,2.0,61.0,3.0,1.0,2.0,50.0,5.0,1.0,3.0,33.0,1.0,3.0,33.0,2.0,0.0,0.03,0.0,0.0,2.0,2.0,0.0,9.0,2.0,3.0,6.0,50.0,1.0,2.0,50.0,2.0,1.0,4.0,4.0,2.0,0.0,0.0,0.0,0.0,0.0,0.0,0.0,0.0,0.0,0.0,0.0,0.0,0.0,brasil_x_escocia_estatisticas,1,brasil,Brasil,escocia,Escocia,build/extracted/brasil_escocia_dados/brasil_x_escocia_estatisticas.csv,bruno_guimaraes,bruno_guimaraes_8,Bruno Guimarães (8),Meio,True
Gleison Bremer,No,14,1,0.0,0.0,0.0,0.0,0.0,0.0,0.0,0.0,0.0,0.0,0.0,0.0,0.0,0.0,0.0,0.0,0.0,0.0,0.0,0.0,0.0,0.0,0.0,0.0,0.0,0.0,0.0,0.0,0.0,0.0,0.0,0.0,0.0,0.0,0.0,0.0,0.0,0.0,0.0,0.0,0.0,0.0,0.0,0.0,0.0,0.0,0.0,0.0,0.0,0.0,0.0,0.0,0.0,0.0,0.0,0.0,0.0,0.0,0.0,0.0,0.0,0.0,0.0,0.0,0.0,0.0,0.0,brasil_x_escocia_estatisticas,1,brasil,Brasil,escocia,Escocia,build/extracted/brasil_escocia_dados/brasil_x_escocia_estatisticas.csv,gleison_bremer,gleison_bremer_14,Gleison Bremer (14),Defesa,False
Roger Ibañez,No,24,1,0.0,0.0,0.0,0.0,0.0,0.0,0.0,0.0,0.0,0.0,0.0,0.0,0.0,0.0,0.0,0.0,0.0,0.0,0.0,0.0,0.0,0.0,0.0,0.0,0.0,0.0,0.0,0.0,0.0,0.0,0.0,0.0,0.0,0.0,0.0,0.0,0.0,0.0,0.0,0.0,0.0,0.0,0.0,0.0,0.0,0.0,0.0,0.0,0.0,0.0,0.0,0.0,0.0,0.0,0.0,0.0,0.0,0.0,0.0,0.0,0.0,0.0,0.0,0.0,0.0,0.0,0.0,brasil_x_escocia_estatisticas,1,brasil,Brasil,escocia,Escocia,build/extracted/brasil_escocia_dados/brasil_x_escocia_estatisticas.csv,roger_ibanez,roger_ibanez_24,Roger Ibañez (24),Defesa,False
Matheus Cunha,No,9,3,8.49,76.0,1.0,0.0,0.39,0.61,0.02,0.41,5.0,24.0,26.0,92.0,1.0,2.0,2.0,1.0,2.0,4.0,50.0,1.0,4.0,38.0,4.0,2.0,2.0,100.0,5.0,0.0,0.0,0.0,0.0,1.0,0.0,0.0,0.0,0.39,1.0,0.0,2.0,2.0,1.0,1.0,0.0,3.0,3.0,100.0,2.0,3.0,67.0,0.0,0.0,5.0,1.0,0.0,0.0,0.0,0.0,0.0,0.0,0.0,0.0,0.0,0.0,0.0,0.0,0.0,0.0,brasil_x_escocia_estatisticas,1,brasil,Brasil,escocia,Escocia,build/extracted/brasil_escocia_dados/brasil_x_escocia_estatisticas.csv,matheus_cunha,matheus_cunha_9,Matheus Cunha (9),Ataque,True
Éderson,No,2,2,0.0,0.0,0.0,0.0,0.0,0.0,0.0,0.0,0.0,0.0,0.0,0.0,0.0,0.0,0.0,0.0,0.0,0.0,0.0,0.0,0.0,0.0,0.0,0.0,0.0,0.0,0.0,0.0,0.0,0.0,0.0,0.0,0.0,0.0,0.0,0.0,0.0,0.0,0.0,0.0,0.0,0.0,0.0,0.0,0.0,0.0,0.0,0.0,0.0,0.0,0.0,0.0,0.0,0.0,0.0,0.0,0.0,0.0,0.0,0.0,0.0,0.0,0.0,0.0,0.0,0.0,0.0,brasil_x_escocia_estatisticas,1,brasil,Brasil,escocia,Escocia,build/extracted/brasil_escocia_dados/brasil_x_escocia_estatisticas.csv,ederson,ederson_2,Éderson (2),Meio,False
Gabriel Martinelli,No,22,3,6.06,24.0,0.0,0.0,0.0,0.0,0.01,0.01,0.0,16.0,16.0,100.0,0.0,0.0,0.0,0.0,0.0,0.0,0.0,0.0,0.0,18.0,0.0,0.0,0.0,0.0,0.0,0.0,0.0,0.0,0.0,0.0,0.0,0.0,0.0,0.0,0.0,0.0,0.0,0.0,0.0,1.0,0.0,0.0,2.0,0.0,0.0,0.0,0.0,0.0,2.0,0.0,2.0,0.0,0.0,0.0,0.0,0.0,0.0,0.0,0.0,0.0,0.0,0.0,0.0,0.0,0.0,brasil_x_escocia_estatisticas,1,brasil,Brasil,escocia,Escocia,build/extracted/brasil_escocia_dados/brasil_x_escocia_estatisticas.csv,gabriel_martinelli,gabriel_martinelli_22,Gabriel Martinelli (22),Ataque,True
Luiz Henrique,No,21,3,0.0,0.0,0.0,0.0,0.0,0.0,0.0,0.0,0.0,0.0,0.0,0.0,0.0,0.0,0.0,0.0,0.0,0.0,0.0,0.0,0.0,0.0,0.0,0.0,0.0,0.0,0.0,0.0,0.0,0.0,0.0,0.0,0.0,0.0,0.0,0.0,0.0,0.0,0.0,0.0,0.0,0.0,0.0,0.0,0.0,0.0,0.0,0.0,0.0,0.0,0.0,0.0,0.0,0.0,0.0,0.0,0.0,0.0,0.0,0.0,0.0,0.0,0.0,0.0,0.0,0.0,0.0,brasil_x_escocia_estatisticas,1,brasil,Brasil,escocia,Escocia,build/extracted/brasil_escocia_dados/brasil_x_escocia_estatisticas.csv,luiz_henrique,luiz_henrique_21,Luiz Henrique (21),Ataque,False
Danilo,No,18,2,0.0,0.0,0.0,0.0,0.0,0.0,0.0,0.0,0.0,0.0,0.0,0.0,0.0,0.0,0.0,0.0,0.0,0.0,0.0,0.0,0.0,0.0,0.0,0.0,0.0,0.0,0.0,0.0,0.0,0.0,0.0,0.0,0.0,0.0,0.0,0.0,0.0,0.0,0.0,0.0,0.0,0.0,0.0,0.0,0.0,0.0,0.0,0.0,0.0,0.0,0.0,0.0,0.0,0.0,0.0,0.0,0.0,0.0,0.0,0.0,0.0,0.0,0.0,0.0,0.0,0.0,0.0,brasil_x_escocia_estatisticas,1,brasil,Brasil,escocia,Escocia,build/extracted/brasil_escocia_dados/brasil_x_escocia_estatisticas.csv,danilo,danilo_18,Danilo (18),Meio,False
Igor Thiago,No,25,3,0.0,0.0,0.0,0.0,0.0,0.0,0.0,0.0,0.0,0.0,0.0,0.0,0.0,0.0,0.0,0.0,0.0,0.0,0.0,0.0,0.0,0.0,0.0,0.0,0.0,0.0,0.0,0.0,0.0,0.0,0.0,0.0,0.0,0.0,0.0,0.0,0.0,0.0,0.0,0.0,0.0,0.0,0.0,0.0,0.0,0.0,0.0,0.0,0.0,0.0,0.0,0.0,0.0,0.0,0.0,0.0,0.0,0.0,0.0,0.0,0.0,0.0,0.0,0.0,0.0,0.0,0.0,brasil_x_escocia_estatisticas,1,brasil,Brasil,escocia,Escocia,build/extracted/brasil_escocia_dados/brasil_x_escocia_estatisticas.csv,igor_thiago,igor_thiago_25,Igor Thiago (25),Ataque,False
Endrick,No,19,3,0.0,8.0,0.0,0.0,0.0,0.0,0.0,0.0,0.0,8.0,8.0,100.0,0.0,0.0,0.0,0.0,0.0,0.0,0.0,0.0,3.0,12.0,0.0,0.0,0.0,0.0,1.0,0.0,0.0,0.0,0.0,0.0,0.0,0.0,0.0,0.0,1.0,1.0,0.0,0.0,1.0,2.0,0.0,1.0,1.0,100.0,0.0,0.0,0.0,0.0,0.0,1.0,0.0,0.0,0.0,0.0,0.0,0.0,0.0,0.0,0.0,0.0,0.0,0.0,0.0,0.0,0.0,brasil_x_escocia_estatisticas,1,brasil,Brasil,escocia,Escocia,build/extracted/brasil_escocia_dados/brasil_x_escocia_estatisticas.csv,endrick,endrick_19,Endrick (19),Ataque,True
Rayan,No,26,3,8.5,82.0,0.0,1.0,0.65,0.79,0.06,0.71,2.0,25.0,25.0,100.0,4.0,1.0,1.0,0.0,1.0,2.0,50.0,1.0,3.0,43.0,9.0,2.0,2.0,100.0,2.0,0.0,1.0,0.0,0.0,0.0,0.0,0.0,1.0,0.65,2.0,0.0,0.0,0.0,1.0,3.0,0.0,5.0,7.0,71.0,2.0,3.0,67.0,1.0,1.0,7.0,3.0,1.0,1.0,0.0,0.0,0.0,0.0,0.0,0.0,0.0,0.0,0.0,0.0,0.0,0.0,brasil_x_escocia_estatisticas,1,brasil,Brasil,escocia,Escocia,build/extracted/brasil_escocia_dados/brasil_x_escocia_estatisticas.csv,rayan,rayan_26,Rayan (26),Ataque,True
Alex Sandro,No,6,1,0.0,0.0,0.0,0.0,0.0,0.0,0.0,0.0,0.0,0.0,0.0,0.0,0.0,0.0,0.0,0.0,0.0,0.0,0.0,0.0,0.0,0.0,0.0,0.0,0.0,0.0,0.0,0.0,0.0,0.0,0.0,0.0,0.0,0.0,0.0,0.0,0.0,0.0,0.0,0.0,0.0,0.0,0.0,0.0,0.0,0.0,0.0,0.0,0.0,0.0,0.0,0.0,0.0,0.0,0.0,0.0,0.0,0.0,0.0,0.0,0.0,0.0,0.0,0.0,0.0,0.0,0.0,brasil_x_haiti_estatisticas,2,brasil,Brasil,haiti,Haiti,build/extracted/brasil_haiti_dados/brasil_x_haiti_estatisticas.csv,alex_sandro,alex_sandro_6,Alex Sandro (6),Defesa,False
Danilo,No,13,1,7.05,90.0,0.0,0.0,0.0,0.0,0.01,0.01,0.0,46.0,54.0,85.0,0.0,0.0,0.0,0.0,0.0,0.0,0.0,0.0,5.0,71.0,0.0,1.0,1.0,100.0,4.0,0.0,1.0,0.0,2.0,6.0,33.0,0.0,0.0,0.0,1.0,0.0,3.0,1.0,1.0,3.0,1.0,2.0,5.0,40.0,1.0,1.0,100.0,0.0,2.0,3.0,3.0,0.0,0.0,1.0,0.0,0.0,0.0,0.0,0.0,0.0,0.0,0.0,0.0,0.0,0.0,brasil_x_haiti_estatisticas,2,brasil,Brasil,haiti,Haiti,build/extracted/brasil_haiti_dados/brasil_x_haiti_estatisticas.csv,danilo,danilo_13,Danilo (13),Defesa,True
Casemiro,No,5,2,7.63,90.0,0.0,0.0,0.0,0.0,0.01,0.01,0.0,47.0,58.0,81.0,0.0,0.0,0.0,0.0,0.0,0.0,0.0,0.0,9.0,72.0,1.0,0.0,0.0,0.0,9.0,0.0,0.0,0.0,1.0,5.0,20.0,0.0,0.0,0.0,6.0,0.0,2.0,0.0,1.0,5.0,1.0,8.0,11.0,73.0,3.0,7.0,43.0,2.0,2.0,11.0,7.0,0.0,0.0,0.0,0.0,0.0,0.0,0.0,0.0,0.0,0.0,0.0,0.0,0.0,0.0,brasil_x_haiti_estatisticas,2,brasil,Brasil,haiti,Haiti,build/extracted/brasil_haiti_dados/brasil_x_haiti_estatisticas.csv,casemiro,casemiro_5,Casemiro (5),Meio,True
Marquinhos,No,4,1,7.31,90.0,0.0,0.0,0.0,0.0,0.01,0.01,0.0,81.0,86.0,94.0,0.0,0.0,0.0,0.0,0.0,0.0,0.0,0.0,8.0,96.0,0.0,0.0,0.0,0.0,4.0,0.0,0.0,0.0,7.0,9.0,78.0,0.0,0.0,0.0,2.0,1.0,5.0,2.0,0.0,3.0,0.0,2.0,2.0,100.0,3.0,5.0,60.0,0.0,0.0,5.0,2.0,0.0,0.0,0.0,0.0,0.0,0.0,0.0,0.0,0.0,0.0,0.0,0.0,0.0,0.0,brasil_x_haiti_estatisticas,2,brasil,Brasil,haiti,Haiti,build/extracted/brasil_haiti_dados/brasil_x_haiti_estatisticas.csv,marquinhos,marquinhos_4,Marquinhos (4),Defesa,True
Weverton,Yes,12,0,0.0,0.0,0.0,0.0,0.0,0.0,0.0,0.0,0.0,0.0,0.0,0.0,0.0,0.0,0.0,0.0,0.0,0.0,0.0,0.0,0.0,0.0,0.0,0.0,0.0,0.0,0.0,0.0,0.0,0.0,0.0,0.0,0.0,0.0,0.0,0.0,0.0,0.0,0.0,0.0,0.0,0.0,0.0,0.0,0.0,0.0,0.0,0.0,0.0,0.0,0.0,0.0,0.0,0.0,0.0,0.0,0.0,0.0,0.0,0.0,0.0,0.0,0.0,0.0,0.0,0.0,0.0,brasil_x_haiti_estatisticas,2,brasil,Brasil,haiti,Haiti,build/extracted/brasil_haiti_dados/brasil_x_haiti_estatisticas.csv,weverton,weverton_12,Weverton (12),Goleiro,False
Alisson Becker,Yes,1,0,8.11,90.0,0.0,0.0,0.0,0.0,0.0,0.0,0.0,23.0,29.0,79.0,0.0,0.0,0.0,0.0,0.0,0.0,0.0,1.0,0.0,40.0,0.0,1.0,1.0,100.0,3.0,0.0,0.0,0.0,2.0,8.0,25.0,0.0,0.0,0.0,0.0,0.0,0.0,0.0,0.0,5.0,0.0,1.0,1.0,100.0,0.0,0.0,0.0,0.0,0.0,1.0,0.0,0.0,0.0,0.0,3.0,0.0,0.43,0.43,3.0,2.0,0.0,0.0,5.0,0.0,0.0,brasil_x_haiti_estatisticas,2,brasil,Brasil,haiti,Haiti,build/extracted/brasil_haiti_dados/brasil_x_haiti_estatisticas.csv,alisson_becker,alisson_becker_1,Alisson Becker (1),Goleiro,True
Douglas Santos,No,16,1,7.07,90.0,0.0,0.0,0.1,0.0,0.02,0.12,1.0,34.0,37.0,92.0,0.0,0.0,1.0,0.0,0.0,1.0,0.0,1.0,2.0,57.0,1.0,0.0,0.0,0.0,3.0,0.0,0.0,0.0,0.0,2.0,0.0,0.0,0.0,0.1,2.0,0.0,0.0,0.0,0.0,2.0,0.0,3.0,5.0,60.0,0.0,0.0,0.0,1.0,2.0,3.0,2.0,0.0,1.0,1.0,0.0,0.0,0.0,0.0,0.0,0.0,0.0,0.0,0.0,0.0,0.0,brasil_x_haiti_estatisticas,2,brasil,Brasil,haiti,Haiti,build/extracted/brasil_haiti_dados/brasil_x_haiti_estatisticas.csv,douglas_santos,douglas_santos_16,Douglas Santos (16),Defesa,True
Fabinho,No,17,2,0.0,0.0,0.0,0.0,0.0,0.0,0.0,0.0,0.0,0.0,0.0,0.0,0.0,0.0,0.0,0.0,0.0,0.0,0.0,0.0,0.0,0.0,0.0,0.0,0.0,0.0,0.0,0.0,0.0,0.0,0.0,0.0,0.0,0.0,0.0,0.0,0.0,0.0,0.0,0.0,0.0,0.0,0.0,0.0,0.0,0.0,0.0,0.0,0.0,0.0,0.0,0.0,0.0,0.0,0.0,0.0,0.0,0.0,0.0,0.0,0.0,0.0,0.0,0.0,0.0,0.0,0.0,brasil_x_haiti_estatisticas,2,brasil,Brasil,haiti,Haiti,build/extracted/brasil_haiti_dados/brasil_x_haiti_estatisticas.csv,fabinho,fabinho_17,Fabinho (17),Meio,False
Ederson,Yes,23,0,0.0,0.0,0.0,0.0,0.0,0.0,0.0,0.0,0.0,0.0,0.0,0.0,0.0,0.0,0.0,0.0,0.0,0.0,0.0,0.0,0.0,0.0,0.0,0.0,0.0,0.0,0.0,0.0,0.0,0.0,0.0,0.0,0.0,0.0,0.0,0.0,0.0,0.0,0.0,0.0,0.0,0.0,0.0,0.0,0.0,0.0,0.0,0.0,0.0,0.0,0.0,0.0,0.0,0.0,0.0,0.0,0.0,0.0,0.0,0.0,0.0,0.0,0.0,0.0,0.0,0.0,0.0,brasil_x_haiti_estatisticas,2,brasil,Brasil,haiti,Haiti,build/extracted/brasil_haiti_dados/brasil_x_haiti_estatisticas.csv,ederson,ederson_23,Ederson (23),Goleiro,False
Léo Pereira,No,15,1,0.0,0.0,0.0,0.0,0.0,0.0,0.0,0.0,0.0,0.0,0.0,0.0,0.0,0.0,0.0,0.0,0.0,0.0,0.0,0.0,0.0,0.0,0.0,0.0,0.0,0.0,0.0,0.0,0.0,0.0,0.0,0.0,0.0,0.0,0.0,0.0,0.0,0.0,0.0,0.0,0.0,0.0,0.0,0.0,0.0,0.0,0.0,0.0,0.0,0.0,0.0,0.0,0.0,0.0,0.0,0.0,0.0,0.0,0.0,0.0,0.0,0.0,0.0,0.0,0.0,0.0,0.0,brasil_x_haiti_estatisticas,2,brasil,Brasil,haiti,Haiti,build/extracted/brasil_haiti_dados/brasil_x_haiti_estatisticas.csv,leo_pereira,leo_pereira_15,Léo Pereira (15),Defesa,False
Raphinha,No,11,3,6.03,40.0,0.0,0.0,0.25,0.45,0.02,0.27,1.0,10.0,13.0,77.0,0.0,1.0,0.0,0.0,1.0,1.0,100.0,1.0,0.0,27.0,1.0,0.0,3.0,0.0,1.0,1.0,5.0,20.0,0.0,0.0,0.0,4.0,1.0,0.25,0.0,0.0,0.0,0.0,0.0,0.0,0.0,0.0,5.0,0.0,0.0,0.0,0.0,0.0,1.0,0.0,5.0,0.0,0.0,2.0,0.0,0.0,0.0,0.0,0.0,0.0,0.0,0.0,0.0,0.0,0.0,brasil_x_haiti_estatisticas,2,brasil,Brasil,haiti,Haiti,build/extracted/brasil_haiti_dados/brasil_x_haiti_estatisticas.csv,raphinha,raphinha_11,Raphinha (11),Ataque,True
Lucas Paquetá,No,20,2,8.11,64.0,0.0,1.0,0.0,0.0,0.37,0.37,0.0,45.0,48.0,94.0,2.0,0.0,0.0,0.0,0.0,0.0,0.0,0.0,4.0,59.0,0.0,0.0,1.0,0.0,7.0,0.0,0.0,0.0,4.0,5.0,80.0,0.0,1.0,0.0,1.0,0.0,0.0,0.0,3.0,9.0,1.0,1.0,5.0,20.0,0.0,0.0,0.0,0.0,1.0,1.0,4.0,1.0,0.0,0.0,0.0,0.0,0.0,0.0,0.0,0.0,0.0,0.0,0.0,0.0,0.0,brasil_x_haiti_estatisticas,2,brasil,Brasil,haiti,Haiti,build/extracted/brasil_haiti_dados/brasil_x_haiti_estatisticas.csv,lucas_paqueta,lucas_paqueta_20,Lucas Paquetá (20),Meio,True
Gabriel,No,3,1,7.25,90.0,0.0,0.0,0.0,0.0,0.01,0.01,0.0,77.0,81.0,95.0,0.0,0.0,0.0,0.0,0.0,0.0,0.0,0.0,2.0,92.0,0.0,0.0,0.0,0.0,5.0,0.0,0.0,0.0,1.0,2.0,50.0,0.0,0.0,0.0,0.0,0.0,2.0,2.0,0.0,3.0,0.0,2.0,2.0,100.0,4.0,5.0,80.0,2.0,0.0,6.0,1.0,0.0,0.0,0.0,0.0,0.0,0.0,0.0,0.0,0.0,0.0,0.0,0.0,0.0,0.0,brasil_x_haiti_estatisticas,2,brasil,Brasil,haiti,Haiti,build/extracted/brasil_haiti_dados/brasil_x_haiti_estatisticas.csv,gabriel,gabriel_3,Gabriel (3),Defesa,True
Vinícius Júnior,No,7,3,8.54,81.0,1.0,1.0,0.37,0.25,0.23,0.6,3.0,16.0,21.0,76.0,1.0,2.0,0.0,1.0,2.0,2.0,100.0,1.0,0.0,35.0,9.0,2.0,6.0,33.0,0.0,0.0,1.0,0.0,1.0,2.0,50.0,0.0,0.0,0.37,0.0,0.0,0.0,0.0,0.0,1.0,0.0,3.0,7.0,43.0,0.0,0.0,0.0,1.0,0.0,3.0,4.0,1.0,0.0,2.0,0.0,0.0,0.0,0.0,0.0,0.0,0.0,0.0,0.0,0.0,0.0,brasil_x_haiti_estatisticas,2,brasil,Brasil,haiti,Haiti,build/extracted/brasil_haiti_dados/brasil_x_haiti_estatisticas.csv,vinicius_junior,vinicius_junior_7,Vinícius Júnior (7),Ataque,True
Bruno Guimarães,No,8,2,7.53,81.0,0.0,0.0,0.0,0.0,0.03,0.03,0.0,26.0,32.0,81.0,1.0,0.0,0.0,0.0,0.0,0.0,0.0,0.0,7.0,49.0,0.0,0.0,1.0,0.0,7.0,0.0,0.0,0.0,1.0,4.0,25.0,0.0,1.0,0.0,5.0,0.0,1.0,0.0,1.0,2.0,0.0,7.0,10.0,70.0,1.0,1.0,100.0,2.0,1.0,8.0,3.0,0.0,0.0,0.0,0.0,0.0,0.0,0.0,0.0,0.0,0.0,0.0,0.0,0.0,0.0,brasil_x_haiti_estatisticas,2,brasil,Brasil,haiti,Haiti,build/extracted/brasil_haiti_dados/brasil_x_haiti_estatisticas.csv,bruno_guimaraes,bruno_guimaraes_8,Bruno Guimarães (8),Meio,True
Gleison Bremer,No,14,1,0.0,0.0,0.0,0.0,0.0,0.0,0.0,0.0,0.0,0.0,0.0,0.0,0.0,0.0,0.0,0.0,0.0,0.0,0.0,0.0,0.0,0.0,0.0,0.0,0.0,0.0,0.0,0.0,0.0,0.0,0.0,0.0,0.0,0.0,0.0,0.0,0.0,0.0,0.0,0.0,0.0,0.0,0.0,0.0,0.0,0.0,0.0,0.0,0.0,0.0,0.0,0.0,0.0,0.0,0.0,0.0,0.0,0.0,0.0,0.0,0.0,0.0,0.0,0.0,0.0,0.0,0.0,brasil_x_haiti_estatisticas,2,brasil,Brasil,haiti,Haiti,build/extracted/brasil_haiti_dados/brasil_x_haiti_estatisticas.csv,gleison_bremer,gleison_bremer_14,Gleison Bremer (14),Defesa,False
Roger Ibañez,No,24,1,0.0,0.0,0.0,0.0,0.0,0.0,0.0,0.0,0.0,0.0,0.0,0.0,0.0,0.0,0.0,0.0,0.0,0.0,0.0,0.0,0.0,0.0,0.0,0.0,0.0,0.0,0.0,0.0,0.0,0.0,0.0,0.0,0.0,0.0,0.0,0.0,0.0,0.0,0.0,0.0,0.0,0.0,0.0,0.0,0.0,0.0,0.0,0.0,0.0,0.0,0.0,0.0,0.0,0.0,0.0,0.0,0.0,0.0,0.0,0.0,0.0,0.0,0.0,0.0,0.0,0.0,0.0,brasil_x_haiti_estatisticas,2,brasil,Brasil,haiti,Haiti,build/extracted/brasil_haiti_dados/brasil_x_haiti_estatisticas.csv,roger_ibanez,roger_ibanez_24,Roger Ibañez (24),Defesa,False
Matheus Cunha,No,9,3,8.92,64.0,2.0,0.0,0.83,1.63,0.01,0.84,2.0,25.0,29.0,86.0,0.0,2.0,0.0,0.0,2.0,2.0,100.0,1.0,3.0,41.0,3.0,0.0,0.0,0.0,6.0,0.0,1.0,0.0,0.0,0.0,0.0,0.0,1.0,0.83,2.0,0.0,0.0,0.0,1.0,5.0,0.0,3.0,4.0,75.0,1.0,1.0,100.0,1.0,0.0,4.0,1.0,0.0,0.0,1.0,0.0,0.0,0.0,0.0,0.0,0.0,0.0,0.0,0.0,0.0,0.0,brasil_x_haiti_estatisticas,2,brasil,Brasil,haiti,Haiti,build/extracted/brasil_haiti_dados/brasil_x_haiti_estatisticas.csv,matheus_cunha,matheus_cunha_9,Matheus Cunha (9),Ataque,True
Éderson,No,2,2,0.0,9.0,0.0,0.0,0.25,0.0,0.15,0.4,1.0,3.0,3.0,100.0,0.0,0.0,1.0,0.0,0.0,1.0,0.0,1.0,1.0,8.0,4.0,0.0,0.0,0.0,0.0,0.0,0.0,0.0,0.0,0.0,0.0,0.0,0.0,0.25,0.0,0.0,0.0,0.0,1.0,0.0,0.0,0.0,1.0,0.0,0.0,0.0,0.0,0.0,1.0,0.0,1.0,0.0,1.0,0.0,0.0,0.0,0.0,0.0,0.0,0.0,0.0,0.0,0.0,0.0,0.0,brasil_x_haiti_estatisticas,2,brasil,Brasil,haiti,Haiti,build/extracted/brasil_haiti_dados/brasil_x_haiti_estatisticas.csv,ederson,ederson_2,Éderson (2),Meio,True
Gabriel Martinelli,No,22,3,6.35,26.0,0.0,0.0,0.0,0.0,0.24,0.24,0.0,9.0,9.0,100.0,1.0,0.0,0.0,0.0,0.0,0.0,0.0,0.0,2.0,16.0,1.0,0.0,1.0,0.0,1.0,0.0,0.0,0.0,0.0,0.0,0.0,0.0,0.0,0.0,0.0,0.0,1.0,1.0,1.0,0.0,0.0,2.0,3.0,67.0,0.0,2.0,0.0,2.0,0.0,2.0,3.0,1.0,0.0,0.0,0.0,0.0,0.0,0.0,0.0,0.0,0.0,0.0,0.0,0.0,0.0,brasil_x_haiti_estatisticas,2,brasil,Brasil,haiti,Haiti,build/extracted/brasil_haiti_dados/brasil_x_haiti_estatisticas.csv,gabriel_martinelli,gabriel_martinelli_22,Gabriel Martinelli (22),Ataque,True
Luiz Henrique,No,21,3,0.0,0.0,0.0,0.0,0.0,0.0,0.0,0.0,0.0,0.0,0.0,0.0,0.0,0.0,0.0,0.0,0.0,0.0,0.0,0.0,0.0,0.0,0.0,0.0,0.0,0.0,0.0,0.0,0.0,0.0,0.0,0.0,0.0,0.0,0.0,0.0,0.0,0.0,0.0,0.0,0.0,0.0,0.0,0.0,0.0,0.0,0.0,0.0,0.0,0.0,0.0,0.0,0.0,0.0,0.0,0.0,0.0,0.0,0.0,0.0,0.0,0.0,0.0,0.0,0.0,0.0,0.0,brasil_x_haiti_estatisticas,2,brasil,Brasil,haiti,Haiti,build/extracted/brasil_haiti_dados/brasil_x_haiti_estatisticas.csv,luiz_henrique,luiz_henrique_21,Luiz Henrique (21),Ataque,False
Danilo,No,18,2,0.0,9.0,0.0,0.0,0.0,0.0,0.01,0.01,0.0,2.0,5.0,40.0,0.0,0.0,0.0,0.0,0.0,0.0,0.0,0.0,1.0,6.0,0.0,0.0,0.0,0.0,1.0,0.0,0.0,0.0,0.0,0.0,0.0,0.0,0.0,0.0,1.0,0.0,0.0,0.0,0.0,1.0,0.0,1.0,1.0,100.0,0.0,0.0,0.0,0.0,0.0,1.0,0.0,0.0,0.0,0.0,0.0,0.0,0.0,0.0,0.0,0.0,0.0,0.0,0.0,0.0,0.0,brasil_x_haiti_estatisticas,2,brasil,Brasil,haiti,Haiti,build/extracted/brasil_haiti_dados/brasil_x_haiti_estatisticas.csv,danilo,danilo_18,Danilo (18),Meio,True
Igor Thiago,No,25,3,0.0,0.0,0.0,0.0,0.0,0.0,0.0,0.0,0.0,0.0,0.0,0.0,0.0,0.0,0.0,0.0,0.0,0.0,0.0,0.0,0.0,0.0,0.0,0.0,0.0,0.0,0.0,0.0,0.0,0.0,0.0,0.0,0.0,0.0,0.0,0.0,0.0,0.0,0.0,0.0,0.0,0.0,0.0,0.0,0.0,0.0,0.0,0.0,0.0,0.0,0.0,0.0,0.0,0.0,0.0,0.0,0.0,0.0,0.0,0.0,0.0,0.0,0.0,0.0,0.0,0.0,0.0,brasil_x_haiti_estatisticas,2,brasil,Brasil,haiti,Haiti,build/extracted/brasil_haiti_dados/brasil_x_haiti_estatisticas.csv,igor_thiago,igor_thiago_25,Igor Thiago (25),Ataque,False
Endrick,No,19,3,6.07,26.0,0.0,0.0,0.0,0.0,0.0,0.0,0.0,2.0,2.0,100.0,0.0,0.0,0.0,0.0,0.0,0.0,0.0,0.0,1.0,8.0,3.0,0.0,0.0,0.0,1.0,0.0,0.0,0.0,0.0,0.0,0.0,0.0,1.0,0.0,1.0,0.0,0.0,0.0,0.0,0.0,0.0,1.0,3.0,33.0,1.0,1.0,100.0,0.0,1.0,2.0,2.0,0.0,0.0,1.0,0.0,0.0,0.0,0.0,0.0,0.0,0.0,0.0,0.0,0.0,0.0,brasil_x_haiti_estatisticas,2,brasil,Brasil,haiti,Haiti,build/extracted/brasil_haiti_dados/brasil_x_haiti_estatisticas.csv,endrick,endrick_19,Endrick (19),Ataque,True
Rayan,No,26,3,6.34,50.0,0.0,0.0,0.0,0.0,0.01,0.01,0.0,16.0,18.0,89.0,1.0,0.0,0.0,0.0,0.0,0.0,0.0,0.0,1.0,28.0,1.0,0.0,1.0,0.0,1.0,0.0,1.0,0.0,1.0,1.0,100.0,0.0,0.0,0.0,0.0,0.0,0.0,0.0,1.0,1.0,0.0,2.0,5.0,40.0,0.0,1.0,0.0,2.0,2.0,2.0,4.0,1.0,0.0,0.0,0.0,0.0,0.0,0.0,0.0,0.0,0.0,0.0,0.0,0.0,0.0,brasil_x_haiti_estatisticas,2,brasil,Brasil,haiti,Haiti,build/extracted/brasil_haiti_dados/brasil_x_haiti_estatisticas.csv,rayan,rayan_26,Rayan (26),Ataque,True
Alex Sandro,No,6,1,0.0,0.0,0.0,0.0,0.0,0.0,0.0,0.0,0.0,0.0,0.0,0.0,0.0,0.0,0.0,0.0,0.0,0.0,0.0,0.0,0.0,0.0,0.0,0.0,0.0,0.0,0.0,0.0,0.0,0.0,0.0,0.0,0.0,0.0,0.0,0.0,0.0,0.0,0.0,0.0,0.0,0.0,0.0,0.0,0.0,0.0,0.0,0.0,0.0,0.0,0.0,0.0,0.0,0.0,0.0,0.0,0.0,0.0,0.0,0.0,0.0,0.0,0.0,0.0,0.0,0.0,0.0,brasil_x_marrocos_estatisticas,3,brasil,Brasil,marrocos,Marrocos,build/extracted/brasil_marrocos_dados/brasil_x_marrocos_estatisticas.csv,alex_sandro,alex_sandro_6,Alex Sandro (6),Defesa,False
Danilo,No,13,1,6.39,45.0,0.0,0.0,0.0,0.0,0.01,0.01,0.0,32.0,38.0,84.0,0.0,0.0,0.0,0.0,0.0,0.0,0.0,0.0,3.0,48.0,1.0,0.0,1.0,0.0,7.0,0.0,1.0,0.0,0.0,1.0,0.0,0.0,0.0,0.0,0.0,0.0,2.0,1.0,1.0,1.0,0.0,0.0,1.0,0.0,1.0,2.0,50.0,0.0,0.0,1.0,2.0,0.0,0.0,0.0,0.0,0.0,0.0,0.0,0.0,0.0,0.0,0.0,0.0,0.0,0.0,brasil_x_marrocos_estatisticas,3,brasil,Brasil,marrocos,Marrocos,build/extracted/brasil_marrocos_dados/brasil_x_marrocos_estatisticas.csv,danilo,danilo_13,Danilo (13),Defesa,True
Casemiro,No,5,2,6.47,45.0,0.0,0.0,0.0,0.0,0.05,0.05,0.0,17.0,18.0,94.0,1.0,0.0,0.0,0.0,0.0,0.0,0.0,0.0,6.0,32.0,0.0,0.0,1.0,0.0,4.0,1.0,1.0,100.0,0.0,1.0,0.0,0.0,1.0,0.0,1.0,1.0,3.0,2.0,1.0,5.0,3.0,2.0,8.0,25.0,1.0,1.0,100.0,1.0,1.0,3.0,6.0,0.0,0.0,0.0,0.0,0.0,0.0,0.0,0.0,0.0,0.0,0.0,0.0,0.0,0.0,brasil_x_marrocos_estatisticas,3,brasil,Brasil,marrocos,Marrocos,build/extracted/brasil_marrocos_dados/brasil_x_marrocos_estatisticas.csv,casemiro,casemiro_5,Casemiro (5),Meio,True
Marquinhos,No,4,1,6.87,90.0,0.0,0.0,0.09,0.0,0.01,0.0999999999999999,2.0,75.0,79.0,95.0,0.0,0.0,1.0,1.0,0.0,1.0,0.0,1.0,5.0,88.0,2.0,0.0,0.0,0.0,4.0,0.0,0.0,0.0,6.0,7.0,86.0,0.0,0.0,0.09,0.0,1.0,4.0,3.0,0.0,3.0,0.0,0.0,0.0,0.0,3.0,3.0,100.0,0.0,0.0,3.0,0.0,0.0,0.0,0.0,0.0,0.0,0.0,0.0,0.0,0.0,0.0,0.0,0.0,0.0,0.0,brasil_x_marrocos_estatisticas,3,brasil,Brasil,marrocos,Marrocos,build/extracted/brasil_marrocos_dados/brasil_x_marrocos_estatisticas.csv,marquinhos,marquinhos_4,Marquinhos (4),Defesa,True
Weverton,Yes,12,0,0.0,0.0,0.0,0.0,0.0,0.0,0.0,0.0,0.0,0.0,0.0,0.0,0.0,0.0,0.0,0.0,0.0,0.0,0.0,0.0,0.0,0.0,0.0,0.0,0.0,0.0,0.0,0.0,0.0,0.0,0.0,0.0,0.0,0.0,0.0,0.0,0.0,0.0,0.0,0.0,0.0,0.0,0.0,0.0,0.0,0.0,0.0,0.0,0.0,0.0,0.0,0.0,0.0,0.0,0.0,0.0,0.0,0.0,0.0,0.0,0.0,0.0,0.0,0.0,0.0,0.0,0.0,brasil_x_marrocos_estatisticas,3,brasil,Brasil,marrocos,Marrocos,build/extracted/brasil_marrocos_dados/brasil_x_marrocos_estatisticas.csv,weverton,weverton_12,Weverton (12),Goleiro,False
Alisson Becker,Yes,1,0,6.48,90.0,0.0,0.0,0.0,0.0,0.0,0.0,0.0,22.0,27.0,81.0,0.0,0.0,0.0,0.0,0.0,0.0,0.0,1.0,1.0,33.0,0.0,0.0,0.0,0.0,5.0,0.0,0.0,0.0,3.0,8.0,38.0,0.0,0.0,0.0,0.0,0.0,1.0,0.0,0.0,4.0,0.0,0.0,0.0,0.0,0.0,0.0,0.0,0.0,0.0,0.0,0.0,0.0,0.0,0.0,2.0,1.0,0.74,-0.26,2.0,2.0,0.0,1.0,2.0,0.0,0.0,brasil_x_marrocos_estatisticas,3,brasil,Brasil,marrocos,Marrocos,build/extracted/brasil_marrocos_dados/brasil_x_marrocos_estatisticas.csv,alisson_becker,alisson_becker_1,Alisson Becker (1),Goleiro,True
Douglas Santos,No,16,1,7.67,90.0,0.0,0.0,0.0,0.0,0.03,0.03,0.0,53.0,62.0,85.0,1.0,0.0,0.0,0.0,0.0,0.0,0.0,0.0,8.0,80.0,0.0,0.0,0.0,0.0,6.0,1.0,1.0,100.0,2.0,5.0,40.0,0.0,0.0,0.0,7.0,0.0,0.0,0.0,1.0,6.0,1.0,7.0,9.0,78.0,0.0,0.0,0.0,0.0,1.0,7.0,2.0,0.0,0.0,0.0,0.0,0.0,0.0,0.0,0.0,0.0,0.0,0.0,0.0,0.0,0.0,brasil_x_marrocos_estatisticas,3,brasil,Brasil,marrocos,Marrocos,build/extracted/brasil_marrocos_dados/brasil_x_marrocos_estatisticas.csv,douglas_santos,douglas_santos_16,Douglas Santos (16),Defesa,True
Fabinho,No,17,2,6.31,45.0,0.0,0.0,0.0,0.0,0.0,0.0,0.0,15.0,17.0,88.0,0.0,0.0,0.0,0.0,0.0,0.0,0.0,0.0,3.0,22.0,0.0,0.0,0.0,0.0,1.0,0.0,0.0,0.0,0.0,0.0,0.0,0.0,0.0,0.0,1.0,0.0,2.0,1.0,0.0,3.0,0.0,1.0,4.0,25.0,0.0,0.0,0.0,0.0,3.0,1.0,3.0,0.0,0.0,0.0,0.0,0.0,0.0,0.0,0.0,0.0,0.0,0.0,0.0,0.0,0.0,brasil_x_marrocos_estatisticas,3,brasil,Brasil,marrocos,Marrocos,build/extracted/brasil_marrocos_dados/brasil_x_marrocos_estatisticas.csv,fabinho,fabinho_17,Fabinho (17),Meio,True
Ederson,Yes,23,0,0.0,0.0,0.0,0.0,0.0,0.0,0.0,0.0,0.0,0.0,0.0,0.0,0.0,0.0,0.0,0.0,0.0,0.0,0.0,0.0,0.0,0.0,0.0,0.0,0.0,0.0,0.0,0.0,0.0,0.0,0.0,0.0,0.0,0.0,0.0,0.0,0.0,0.0,0.0,0.0,0.0,0.0,0.0,0.0,0.0,0.0,0.0,0.0,0.0,0.0,0.0,0.0,0.0,0.0,0.0,0.0,0.0,0.0,0.0,0.0,0.0,0.0,0.0,0.0,0.0,0.0,0.0,brasil_x_marrocos_estatisticas,3,brasil,Brasil,marrocos,Marrocos,build/extracted/brasil_marrocos_dados/brasil_x_marrocos_estatisticas.csv,ederson,ederson_23,Ederson (23),Goleiro,False
Léo Pereira,No,15,1,0.0,0.0,0.0,0.0,0.0,0.0,0.0,0.0,0.0,0.0,0.0,0.0,0.0,0.0,0.0,0.0,0.0,0.0,0.0,0.0,0.0,0.0,0.0,0.0,0.0,0.0,0.0,0.0,0.0,0.0,0.0,0.0,0.0,0.0,0.0,0.0,0.0,0.0,0.0,0.0,0.0,0.0,0.0,0.0,0.0,0.0,0.0,0.0,0.0,0.0,0.0,0.0,0.0,0.0,0.0,0.0,0.0,0.0,0.0,0.0,0.0,0.0,0.0,0.0,0.0,0.0,0.0,brasil_x_marrocos_estatisticas,3,brasil,Brasil,marrocos,Marrocos,build/extracted/brasil_marrocos_dados/brasil_x_marrocos_estatisticas.csv,leo_pereira,leo_pereira_15,Léo Pereira (15),Defesa,False
Raphinha,No,11,3,6.79,90.0,0.0,0.0,0.15,0.12,0.33,0.48,2.0,20.0,31.0,65.0,3.0,1.0,0.0,1.0,1.0,1.0,100.0,1.0,0.0,48.0,5.0,1.0,6.0,17.0,3.0,2.0,4.0,50.0,0.0,1.0,0.0,3.0,0.0,0.15,0.0,0.0,0.0,0.0,0.0,3.0,3.0,3.0,11.0,27.0,1.0,1.0,100.0,2.0,0.0,4.0,8.0,0.0,0.0,0.0,0.0,0.0,0.0,0.0,0.0,0.0,0.0,0.0,0.0,0.0,0.0,brasil_x_marrocos_estatisticas,3,brasil,Brasil,marrocos,Marrocos,build/extracted/brasil_marrocos_dados/brasil_x_marrocos_estatisticas.csv,raphinha,raphinha_11,Raphinha (11),Ataque,True
Lucas Paquetá,No,20,2,7.12,61.0,0.0,0.0,0.18,0.54,0.03,0.21,2.0,31.0,39.0,79.0,1.0,1.0,0.0,1.0,1.0,1.0,100.0,1.0,9.0,61.0,1.0,2.0,4.0,50.0,10.0,0.0,1.0,0.0,0.0,1.0,0.0,0.0,1.0,0.18,4.0,1.0,3.0,2.0,1.0,3.0,2.0,9.0,16.0,56.0,1.0,2.0,50.0,3.0,2.0,10.0,8.0,0.0,0.0,0.0,0.0,0.0,0.0,0.0,0.0,0.0,0.0,0.0,0.0,0.0,0.0,brasil_x_marrocos_estatisticas,3,brasil,Brasil,marrocos,Marrocos,build/extracted/brasil_marrocos_dados/brasil_x_marrocos_estatisticas.csv,lucas_paqueta,lucas_paqueta_20,Lucas Paquetá (20),Meio,True
Gabriel,No,3,1,6.87,90.0,0.0,0.0,0.0,0.0,0.01,0.01,0.0,82.0,85.0,96.0,0.0,0.0,0.0,0.0,0.0,0.0,0.0,0.0,9.0,97.0,1.0,0.0,0.0,0.0,1.0,0.0,0.0,0.0,0.0,1.0,0.0,0.0,0.0,0.0,1.0,2.0,6.0,5.0,0.0,5.0,0.0,1.0,2.0,50.0,2.0,2.0,100.0,1.0,1.0,3.0,1.0,0.0,0.0,0.0,0.0,0.0,0.0,0.0,0.0,0.0,0.0,0.0,0.0,0.0,0.0,brasil_x_marrocos_estatisticas,3,brasil,Brasil,marrocos,Marrocos,build/extracted/brasil_marrocos_dados/brasil_x_marrocos_estatisticas.csv,gabriel,gabriel_3,Gabriel (3),Defesa,True
Vinícius Júnior,No,7,3,7.3,90.0,1.0,0.0,0.08,0.54,0.09,0.1699999999999999,1.0,26.0,31.0,84.0,2.0,1.0,0.0,0.0,1.0,1.0,100.0,1.0,1.0,53.0,5.0,0.0,8.0,0.0,5.0,0.0,3.0,0.0,4.0,5.0,80.0,0.0,0.0,0.08,1.0,0.0,0.0,0.0,0.0,4.0,0.0,3.0,14.0,21.0,0.0,1.0,0.0,2.0,3.0,3.0,12.0,0.0,0.0,0.0,0.0,0.0,0.0,0.0,0.0,0.0,0.0,0.0,0.0,0.0,0.0,brasil_x_marrocos_estatisticas,3,brasil,Brasil,marrocos,Marrocos,build/extracted/brasil_marrocos_dados/brasil_x_marrocos_estatisticas.csv,vinicius_junior,vinicius_junior_7,Vinícius Júnior (7),Ataque,True
Bruno Guimarães,No,8,2,7.01,80.0,0.0,1.0,0.01,0.0,0.02,0.03,1.0,34.0,38.0,89.0,1.0,0.0,1.0,0.0,0.0,1.0,0.0,1.0,3.0,56.0,1.0,1.0,2.0,50.0,2.0,0.0,3.0,0.0,1.0,2.0,50.0,1.0,2.0,0.01,2.0,1.0,0.0,0.0,0.0,3.0,2.0,5.0,11.0,45.0,1.0,2.0,50.0,2.0,1.0,6.0,7.0,0.0,0.0,0.0,0.0,0.0,0.0,0.0,0.0,0.0,0.0,0.0,0.0,0.0,0.0,brasil_x_marrocos_estatisticas,3,brasil,Brasil,marrocos,Marrocos,build/extracted/brasil_marrocos_dados/brasil_x_marrocos_estatisticas.csv,bruno_guimaraes,bruno_guimaraes_8,Bruno Guimarães (8),Meio,True
Gleison Bremer,No,14,1,0.0,0.0,0.0,0.0,0.0,0.0,0.0,0.0,0.0,0.0,0.0,0.0,0.0,0.0,0.0,0.0,0.0,0.0,0.0,0.0,0.0,0.0,0.0,0.0,0.0,0.0,0.0,0.0,0.0,0.0,0.0,0.0,0.0,0.0,0.0,0.0,0.0,0.0,0.0,0.0,0.0,0.0,0.0,0.0,0.0,0.0,0.0,0.0,0.0,0.0,0.0,0.0,0.0,0.0,0.0,0.0,0.0,0.0,0.0,0.0,0.0,0.0,0.0,0.0,0.0,0.0,0.0,brasil_x_marrocos_estatisticas,3,brasil,Brasil,marrocos,Marrocos,build/extracted/brasil_marrocos_dados/brasil_x_marrocos_estatisticas.csv,gleison_bremer,gleison_bremer_14,Gleison Bremer (14),Defesa,False
Roger Ibañez,No,24,1,6.66,45.0,0.0,0.0,0.0,0.0,0.0,0.0,0.0,16.0,17.0,94.0,0.0,0.0,0.0,0.0,0.0,0.0,0.0,0.0,4.0,31.0,0.0,1.0,2.0,50.0,4.0,0.0,0.0,0.0,0.0,1.0,0.0,0.0,0.0,0.0,2.0,0.0,1.0,1.0,1.0,2.0,2.0,4.0,9.0,44.0,0.0,0.0,0.0,1.0,2.0,4.0,5.0,0.0,0.0,0.0,0.0,0.0,0.0,0.0,0.0,0.0,0.0,0.0,0.0,0.0,0.0,brasil_x_marrocos_estatisticas,3,brasil,Brasil,marrocos,Marrocos,build/extracted/brasil_marrocos_dados/brasil_x_marrocos_estatisticas.csv,roger_ibanez,roger_ibanez_24,Roger Ibañez (24),Defesa,True
Matheus Cunha,No,9,3,6.3,29.0,0.0,0.0,0.0,0.0,0.01,0.01,0.0,5.0,9.0,56.0,0.0,0.0,0.0,0.0,0.0,0.0,0.0,0.0,3.0,19.0,2.0,0.0,2.0,0.0,1.0,0.0,2.0,0.0,1.0,1.0,100.0,2.0,0.0,0.0,2.0,0.0,1.0,1.0,0.0,0.0,1.0,3.0,6.0,50.0,0.0,0.0,0.0,1.0,0.0,3.0,3.0,0.0,0.0,0.0,0.0,0.0,0.0,0.0,0.0,0.0,0.0,0.0,0.0,0.0,0.0,brasil_x_marrocos_estatisticas,3,brasil,Brasil,marrocos,Marrocos,build/extracted/brasil_marrocos_dados/brasil_x_marrocos_estatisticas.csv,matheus_cunha,matheus_cunha_9,Matheus Cunha (9),Ataque,True
Éderson,No,2,2,0.0,0.0,0.0,0.0,0.0,0.0,0.0,0.0,0.0,0.0,0.0,0.0,0.0,0.0,0.0,0.0,0.0,0.0,0.0,0.0,0.0,0.0,0.0,0.0,0.0,0.0,0.0,0.0,0.0,0.0,0.0,0.0,0.0,0.0,0.0,0.0,0.0,0.0,0.0,0.0,0.0,0.0,0.0,0.0,0.0,0.0,0.0,0.0,0.0,0.0,0.0,0.0,0.0,0.0,0.0,0.0,0.0,0.0,0.0,0.0,0.0,0.0,0.0,0.0,0.0,0.0,0.0,brasil_x_marrocos_estatisticas,3,brasil,Brasil,marrocos,Marrocos,build/extracted/brasil_marrocos_dados/brasil_x_marrocos_estatisticas.csv,ederson,ederson_2,Éderson (2),Meio,False
Gabriel Martinelli,No,22,3,0.0,0.0,0.0,0.0,0.0,0.0,0.0,0.0,0.0,0.0,0.0,0.0,0.0,0.0,0.0,0.0,0.0,0.0,0.0,0.0,0.0,0.0,0.0,0.0,0.0,0.0,0.0,0.0,0.0,0.0,0.0,0.0,0.0,0.0,0.0,0.0,0.0,0.0,0.0,0.0,0.0,0.0,0.0,0.0,0.0,0.0,0.0,0.0,0.0,0.0,0.0,0.0,0.0,0.0,0.0,0.0,0.0,0.0,0.0,0.0,0.0,0.0,0.0,0.0,0.0,0.0,0.0,brasil_x_marrocos_estatisticas,3,brasil,Brasil,marrocos,Marrocos,build/extracted/brasil_marrocos_dados/brasil_x_marrocos_estatisticas.csv,gabriel_martinelli,gabriel_martinelli_22,Gabriel Martinelli (22),Ataque,False
Luiz Henrique,No,21,3,6.51,28.0,0.0,0.0,0.0,0.0,0.04,0.04,0.0,12.0,13.0,92.0,1.0,0.0,0.0,0.0,0.0,0.0,0.0,0.0,0.0,14.0,0.0,0.0,0.0,0.0,0.0,0.0,0.0,0.0,1.0,1.0,100.0,0.0,0.0,0.0,0.0,0.0,0.0,0.0,0.0,2.0,1.0,1.0,2.0,50.0,1.0,1.0,100.0,1.0,0.0,2.0,1.0,0.0,0.0,0.0,0.0,0.0,0.0,0.0,0.0,0.0,0.0,0.0,0.0,0.0,0.0,brasil_x_marrocos_estatisticas,3,brasil,Brasil,marrocos,Marrocos,build/extracted/brasil_marrocos_dados/brasil_x_marrocos_estatisticas.csv,luiz_henrique,luiz_henrique_21,Luiz Henrique (21),Ataque,True
Danilo,No,18,2,6.12,10.0,0.0,0.0,0.09,0.02,0.0,0.09,2.0,4.0,4.0,100.0,0.0,1.0,1.0,0.0,1.0,2.0,50.0,1.0,0.0,6.0,2.0,0.0,0.0,0.0,0.0,0.0,0.0,0.0,0.0,0.0,0.0,0.0,0.0,0.09,0.0,0.0,0.0,0.0,0.0,0.0,0.0,0.0,0.0,0.0,0.0,0.0,0.0,0.0,0.0,0.0,0.0,0.0,0.0,0.0,0.0,0.0,0.0,0.0,0.0,0.0,0.0,0.0,0.0,0.0,0.0,brasil_x_marrocos_estatisticas,3,brasil,Brasil,marrocos,Marrocos,build/extracted/brasil_marrocos_dados/brasil_x_marrocos_estatisticas.csv,danilo,danilo_18,Danilo (18),Meio,True
Igor Thiago,No,25,3,6.5,62.0,0.0,0.0,0.66,0.15,0.01,0.67,2.0,5.0,6.0,83.0,0.0,1.0,1.0,0.0,1.0,2.0,50.0,1.0,2.0,16.0,2.0,0.0,1.0,0.0,1.0,0.0,0.0,0.0,0.0,1.0,0.0,0.0,0.0,0.66,2.0,0.0,0.0,0.0,0.0,2.0,1.0,2.0,6.0,33.0,1.0,1.0,100.0,0.0,2.0,3.0,4.0,0.0,1.0,0.0,0.0,0.0,0.0,0.0,0.0,0.0,0.0,0.0,0.0,0.0,0.0,brasil_x_marrocos_estatisticas,3,brasil,Brasil,marrocos,Marrocos,build/extracted/brasil_marrocos_dados/brasil_x_marrocos_estatisticas.csv,igor_thiago,igor_thiago_25,Igor Thiago (25),Ataque,True
Endrick,No,19,3,0.0,0.0,0.0,0.0,0.0,0.0,0.0,0.0,0.0,0.0,0.0,0.0,0.0,0.0,0.0,0.0,0.0,0.0,0.0,0.0,0.0,0.0,0.0,0.0,0.0,0.0,0.0,0.0,0.0,0.0,0.0,0.0,0.0,0.0,0.0,0.0,0.0,0.0,0.0,0.0,0.0,0.0,0.0,0.0,0.0,0.0,0.0,0.0,0.0,0.0,0.0,0.0,0.0,0.0,0.0,0.0,0.0,0.0,0.0,0.0,0.0,0.0,0.0,0.0,0.0,0.0,0.0,brasil_x_marrocos_estatisticas,3,brasil,Brasil,marrocos,Marrocos,build/extracted/brasil_marrocos_dados/brasil_x_marrocos_estatisticas.csv,endrick,endrick_19,Endrick (19),Ataque,False
Rayan,No,26,3,0.0,0.0,0.0,0.0,0.0,0.0,0.0,0.0,0.0,0.0,0.0,0.0,0.0,0.0,0.0,0.0,0.0,0.0,0.0,0.0,0.0,0.0,0.0,0.0,0.0,0.0,0.0,0.0,0.0,0.0,0.0,0.0,0.0,0.0,0.0,0.0,0.0,0.0,0.0,0.0,0.0,0.0,0.0,0.0,0.0,0.0,0.0,0.0,0.0,0.0,0.0,0.0,0.0,0.0,0.0,0.0,0.0,0.0,0.0,0.0,0.0,0.0,0.0,0.0,0.0,0.0,0.0,brasil_x_marrocos_estatisticas,3,brasil,Brasil,marrocos,Marrocos,build/extracted/brasil_marrocos_dados/brasil_x_marrocos_estatisticas.csv,rayan,rayan_26,Rayan (26),Ataque,False
Yuto Nagatomo,No,5,1,0.0,0.0,0.0,0.0,0.0,0.0,0.0,0.0,0.0,0.0,0.0,0.0,0.0,0.0,0.0,0.0,0.0,0.0,0.0,0.0,0.0,0.0,0.0,0.0,0.0,0.0,0.0,0.0,0.0,0.0,0.0,0.0,0.0,0.0,0.0,0.0,0.0,0.0,0.0,0.0,0.0,0.0,0.0,0.0,0.0,0.0,0.0,0.0,0.0,0.0,0.0,0.0,0.0,0.0,0.0,0.0,0.0,0.0,0.0,0.0,0.0,0.0,0.0,0.0,0.0,0.0,0.0,japao_x_holanda_estatisticas,4,japao,Japão,holanda,Holanda,build/extracted/japao_holanda_dados/japao_x_holanda_estatisticas.csv,yuto_nagatomo,yuto_nagatomo_5,Yuto Nagatomo (5),Defesa,False
Shogo Taniguchi,No,3,1,6.65,90.0,0.0,0.0,0.0,0.0,0.01,0.01,0.0,49.0,50.0,98.0,0.0,0.0,0.0,0.0,0.0,0.0,0.0,0.0,9.0,62.0,1.0,0.0,0.0,0.0,6.0,0.0,0.0,0.0,1.0,1.0,100.0,0.0,0.0,0.0,0.0,0.0,9.0,5.0,0.0,2.0,0.0,1.0,1.0,100.0,0.0,0.0,0.0,1.0,0.0,1.0,0.0,0.0,0.0,0.0,0.0,0.0,0.0,0.0,0.0,0.0,0.0,0.0,0.0,0.0,0.0,japao_x_holanda_estatisticas,4,japao,Japão,holanda,Holanda,build/extracted/japao_holanda_dados/japao_x_holanda_estatisticas.csv,shogo_taniguchi,shogo_taniguchi_3,Shogo Taniguchi (3),Defesa,True
Junya Ito,No,14,3,6.67,24.0,0.0,0.0,0.0,0.0,0.09,0.09,0.0,10.0,14.0,71.0,3.0,0.0,0.0,0.0,0.0,0.0,0.0,0.0,0.0,25.0,2.0,0.0,1.0,0.0,2.0,3.0,6.0,50.0,0.0,0.0,0.0,3.0,0.0,0.0,0.0,0.0,0.0,0.0,0.0,0.0,0.0,1.0,2.0,50.0,1.0,1.0,100.0,1.0,0.0,2.0,1.0,0.0,0.0,0.0,0.0,0.0,0.0,0.0,0.0,0.0,0.0,0.0,0.0,0.0,0.0,japao_x_holanda_estatisticas,4,japao,Japão,holanda,Holanda,build/extracted/japao_holanda_dados/japao_x_holanda_estatisticas.csv,junya_ito,junya_ito_14,Junya Ito (14),Ataque,True
Ko Itakura,No,4,1,0.0,0.0,0.0,0.0,0.0,0.0,0.0,0.0,0.0,0.0,0.0,0.0,0.0,0.0,0.0,0.0,0.0,0.0,0.0,0.0,0.0,0.0,0.0,0.0,0.0,0.0,0.0,0.0,0.0,0.0,0.0,0.0,0.0,0.0,0.0,0.0,0.0,0.0,0.0,0.0,0.0,0.0,0.0,0.0,0.0,0.0,0.0,0.0,0.0,0.0,0.0,0.0,0.0,0.0,0.0,0.0,0.0,0.0,0.0,0.0,0.0,0.0,0.0,0.0,0.0,0.0,0.0,japao_x_holanda_estatisticas,4,japao,Japão,holanda,Holanda,build/extracted/japao_holanda_dados/japao_x_holanda_estatisticas.csv,ko_itakura,ko_itakura_4,Ko Itakura (4),Defesa,False
Daichi Kamada,No,15,2,8.11,90.0,1.0,0.0,0.14,0.66,0.12,0.26,1.0,48.0,59.0,81.0,1.0,1.0,0.0,0.0,1.0,1.0,100.0,1.0,5.0,73.0,3.0,1.0,2.0,50.0,11.0,0.0,2.0,0.0,3.0,6.0,50.0,1.0,1.0,0.14,3.0,0.0,1.0,0.0,1.0,4.0,2.0,4.0,8.0,50.0,0.0,1.0,0.0,0.0,0.0,4.0,5.0,0.0,0.0,0.0,0.0,0.0,0.0,0.0,0.0,0.0,0.0,0.0,0.0,0.0,0.0,japao_x_holanda_estatisticas,4,japao,Japão,holanda,Holanda,build/extracted/japao_holanda_dados/japao_x_holanda_estatisticas.csv,daichi_kamada,daichi_kamada_15,Daichi Kamada (15),Meio,True
Ritsu Doan,No,10,2,6.37,75.0,0.0,0.0,0.0,0.0,0.1,0.1,0.0,11.0,14.0,79.0,0.0,0.0,0.0,0.0,0.0,0.0,0.0,0.0,4.0,28.0,1.0,0.0,1.0,0.0,3.0,0.0,2.0,0.0,0.0,1.0,0.0,0.0,0.0,0.0,1.0,0.0,3.0,2.0,0.0,1.0,1.0,1.0,4.0,25.0,0.0,0.0,0.0,0.0,1.0,1.0,3.0,0.0,0.0,0.0,0.0,0.0,0.0,0.0,0.0,0.0,0.0,0.0,0.0,0.0,0.0,japao_x_holanda_estatisticas,4,japao,Japão,holanda,Holanda,build/extracted/japao_holanda_dados/japao_x_holanda_estatisticas.csv,ritsu_doan,ritsu_doan_10,Ritsu Doan (10),Meio,True
Takehiro Tomiyasu,No,22,1,6.4,15.0,0.0,0.0,0.0,0.0,0.01,0.01,0.0,19.0,20.0,95.0,0.0,0.0,0.0,0.0,0.0,0.0,0.0,0.0,2.0,24.0,0.0,0.0,0.0,0.0,1.0,0.0,1.0,0.0,0.0,0.0,0.0,0.0,0.0,0.0,1.0,0.0,1.0,1.0,0.0,1.0,0.0,2.0,3.0,67.0,0.0,1.0,0.0,1.0,1.0,2.0,2.0,0.0,0.0,0.0,0.0,0.0,0.0,0.0,0.0,0.0,0.0,0.0,0.0,0.0,0.0,japao_x_holanda_estatisticas,4,japao,Japão,holanda,Holanda,build/extracted/japao_holanda_dados/japao_x_holanda_estatisticas.csv,takehiro_tomiyasu,takehiro_tomiyasu_22,Takehiro Tomiyasu (22),Defesa,True
Koki Ogawa,No,19,3,6.75,15.0,0.0,1.0,0.05,0.0,0.0,0.05,2.0,0.0,1.0,0.0,1.0,0.0,1.0,1.0,0.0,1.0,0.0,1.0,0.0,3.0,2.0,0.0,0.0,0.0,0.0,0.0,0.0,0.0,0.0,1.0,0.0,0.0,0.0,0.05,0.0,0.0,0.0,0.0,0.0,0.0,0.0,0.0,0.0,0.0,0.0,1.0,0.0,0.0,0.0,0.0,1.0,0.0,0.0,0.0,0.0,0.0,0.0,0.0,0.0,0.0,0.0,0.0,0.0,0.0,0.0,japao_x_holanda_estatisticas,4,japao,Japão,holanda,Holanda,build/extracted/japao_holanda_dados/japao_x_holanda_estatisticas.csv,koki_ogawa,koki_ogawa_19,Koki Ogawa (19),Ataque,True
Daizen Maeda,No,11,3,6.04,66.0,0.0,0.0,0.0,0.0,0.11,0.11,0.0,4.0,5.0,80.0,0.0,0.0,0.0,0.0,0.0,0.0,0.0,0.0,3.0,16.0,3.0,0.0,2.0,0.0,1.0,0.0,2.0,0.0,0.0,0.0,0.0,0.0,0.0,0.0,0.0,0.0,3.0,2.0,0.0,0.0,1.0,0.0,3.0,0.0,1.0,4.0,25.0,0.0,0.0,1.0,6.0,0.0,0.0,0.0,0.0,0.0,0.0,0.0,0.0,0.0,0.0,0.0,0.0,0.0,0.0,japao_x_holanda_estatisticas,4,japao,Japão,holanda,Holanda,build/extracted/japao_holanda_dados/japao_x_holanda_estatisticas.csv,daizen_maeda,daizen_maeda_11,Daizen Maeda (11),Ataque,True
Takefusa Kubo,No,8,3,7.19,75.0,0.0,1.0,0.03,0.0,0.03,0.06,1.0,12.0,16.0,75.0,1.0,0.0,1.0,0.0,0.0,1.0,0.0,1.0,1.0,24.0,1.0,0.0,0.0,0.0,1.0,0.0,0.0,0.0,1.0,2.0,50.0,0.0,1.0,0.03,0.0,0.0,0.0,0.0,1.0,2.0,0.0,1.0,3.0,33.0,0.0,0.0,0.0,1.0,1.0,1.0,2.0,0.0,0.0,0.0,0.0,0.0,0.0,0.0,0.0,0.0,0.0,0.0,0.0,0.0,0.0,japao_x_holanda_estatisticas,4,japao,Japão,holanda,Holanda,build/extracted/japao_holanda_dados/japao_x_holanda_estatisticas.csv,takefusa_kubo,takefusa_kubo_8,Takefusa Kubo (8),Ataque,True
Hiroki Ito,No,21,1,5.84,90.0,0.0,0.0,0.03,0.0,0.01,0.04,1.0,37.0,41.0,90.0,0.0,0.0,1.0,0.0,0.0,1.0,0.0,1.0,6.0,58.0,0.0,0.0,1.0,0.0,8.0,0.0,3.0,0.0,1.0,3.0,33.0,0.0,0.0,0.03,0.0,1.0,5.0,1.0,0.0,0.0,1.0,0.0,3.0,0.0,1.0,4.0,25.0,0.0,1.0,1.0,6.0,0.0,0.0,0.0,0.0,0.0,0.0,0.0,0.0,0.0,0.0,0.0,0.0,0.0,0.0,japao_x_holanda_estatisticas,4,japao,Japão,holanda,Holanda,build/extracted/japao_holanda_dados/japao_x_holanda_estatisticas.csv,hiroki_ito,hiroki_ito_21,Hiroki Ito (21),Defesa,True
Ayumu Seko,No,20,1,0.0,0.0,0.0,0.0,0.0,0.0,0.0,0.0,0.0,0.0,0.0,0.0,0.0,0.0,0.0,0.0,0.0,0.0,0.0,0.0,0.0,0.0,0.0,0.0,0.0,0.0,0.0,0.0,0.0,0.0,0.0,0.0,0.0,0.0,0.0,0.0,0.0,0.0,0.0,0.0,0.0,0.0,0.0,0.0,0.0,0.0,0.0,0.0,0.0,0.0,0.0,0.0,0.0,0.0,0.0,0.0,0.0,0.0,0.0,0.0,0.0,0.0,0.0,0.0,0.0,0.0,0.0,japao_x_holanda_estatisticas,4,japao,Japão,holanda,Holanda,build/extracted/japao_holanda_dados/japao_x_holanda_estatisticas.csv,ayumu_seko,ayumu_seko_20,Ayumu Seko (20),Defesa,False
Keito Nakamura,No,13,3,8.06,90.0,1.0,0.0,0.08,0.39,0.04,0.12,3.0,28.0,31.0,90.0,1.0,1.0,2.0,0.0,1.0,3.0,33.0,1.0,4.0,50.0,3.0,1.0,1.0,100.0,1.0,1.0,5.0,20.0,3.0,4.0,75.0,0.0,0.0,0.08,1.0,0.0,2.0,2.0,1.0,1.0,0.0,3.0,4.0,75.0,0.0,1.0,0.0,1.0,2.0,3.0,2.0,0.0,0.0,0.0,0.0,0.0,0.0,0.0,0.0,0.0,0.0,0.0,0.0,0.0,0.0,japao_x_holanda_estatisticas,4,japao,Japão,holanda,Holanda,build/extracted/japao_holanda_dados/japao_x_holanda_estatisticas.csv,keito_nakamura,keito_nakamura_13,Keito Nakamura (13),Ataque,True
Shuto Machino,No,6,3,0.0,0.0,0.0,0.0,0.0,0.0,0.0,0.0,0.0,0.0,0.0,0.0,0.0,0.0,0.0,0.0,0.0,0.0,0.0,0.0,0.0,0.0,0.0,0.0,0.0,0.0,0.0,0.0,0.0,0.0,0.0,0.0,0.0,0.0,0.0,0.0,0.0,0.0,0.0,0.0,0.0,0.0,0.0,0.0,0.0,0.0,0.0,0.0,0.0,0.0,0.0,0.0,0.0,0.0,0.0,0.0,0.0,0.0,0.0,0.0,0.0,0.0,0.0,0.0,0.0,0.0,0.0,japao_x_holanda_estatisticas,4,japao,Japão,holanda,Holanda,build/extracted/japao_holanda_dados/japao_x_holanda_estatisticas.csv,shuto_machino,shuto_machino_6,Shuto Machino (6),Ataque,False
Keisuke Osako,Yes,12,0,0.0,0.0,0.0,0.0,0.0,0.0,0.0,0.0,0.0,0.0,0.0,0.0,0.0,0.0,0.0,0.0,0.0,0.0,0.0,0.0,0.0,0.0,0.0,0.0,0.0,0.0,0.0,0.0,0.0,0.0,0.0,0.0,0.0,0.0,0.0,0.0,0.0,0.0,0.0,0.0,0.0,0.0,0.0,0.0,0.0,0.0,0.0,0.0,0.0,0.0,0.0,0.0,0.0,0.0,0.0,0.0,0.0,0.0,0.0,0.0,0.0,0.0,0.0,0.0,0.0,0.0,0.0,japao_x_holanda_estatisticas,4,japao,Japão,holanda,Holanda,build/extracted/japao_holanda_dados/japao_x_holanda_estatisticas.csv,keisuke_osako,keisuke_osako_12,Keisuke Osako (12),Goleiro,False
Yukinari Sugawara,No,2,1,6.52,15.0,0.0,0.0,0.16,0.28,0.03,0.19,1.0,11.0,12.0,92.0,1.0,1.0,0.0,0.0,1.0,1.0,100.0,1.0,1.0,18.0,1.0,0.0,0.0,0.0,3.0,1.0,1.0,100.0,1.0,2.0,50.0,0.0,0.0,0.16,0.0,0.0,1.0,0.0,0.0,0.0,0.0,0.0,0.0,0.0,1.0,1.0,100.0,0.0,0.0,1.0,0.0,0.0,0.0,0.0,0.0,0.0,0.0,0.0,0.0,0.0,0.0,0.0,0.0,0.0,0.0,japao_x_holanda_estatisticas,4,japao,Japão,holanda,Holanda,build/extracted/japao_holanda_dados/japao_x_holanda_estatisticas.csv,yukinari_sugawara,yukinari_sugawara_2,Yukinari Sugawara (2),Defesa,True
Ao Tanaka,No,7,2,0.0,0.0,0.0,0.0,0.0,0.0,0.0,0.0,0.0,0.0,0.0,0.0,0.0,0.0,0.0,0.0,0.0,0.0,0.0,0.0,0.0,0.0,0.0,0.0,0.0,0.0,0.0,0.0,0.0,0.0,0.0,0.0,0.0,0.0,0.0,0.0,0.0,0.0,0.0,0.0,0.0,0.0,0.0,0.0,0.0,0.0,0.0,0.0,0.0,0.0,0.0,0.0,0.0,0.0,0.0,0.0,0.0,0.0,0.0,0.0,0.0,0.0,0.0,0.0,0.0,0.0,0.0,japao_x_holanda_estatisticas,4,japao,Japão,holanda,Holanda,build/extracted/japao_holanda_dados/japao_x_holanda_estatisticas.csv,ao_tanaka,ao_tanaka_7,Ao Tanaka (7),Meio,False
Ayase Ueda,No,18,3,6.51,84.0,0.0,0.0,0.1,0.0,0.0,0.1,1.0,4.0,5.0,80.0,1.0,0.0,1.0,0.0,0.0,1.0,0.0,1.0,2.0,15.0,1.0,1.0,1.0,100.0,1.0,0.0,0.0,0.0,0.0,0.0,0.0,0.0,1.0,0.1,1.0,0.0,1.0,1.0,0.0,1.0,0.0,3.0,5.0,60.0,0.0,3.0,0.0,1.0,1.0,3.0,5.0,0.0,0.0,0.0,0.0,0.0,0.0,0.0,0.0,0.0,0.0,0.0,0.0,0.0,0.0,japao_x_holanda_estatisticas,4,japao,Japão,holanda,Holanda,build/extracted/japao_holanda_dados/japao_x_holanda_estatisticas.csv,ayase_ueda,ayase_ueda_18,Ayase Ueda (18),Ataque,True
Tsuyoshi Watanabe,No,16,1,6.61,75.0,0.0,0.0,0.0,0.0,0.02,0.02,0.0,17.0,21.0,81.0,1.0,0.0,0.0,0.0,0.0,0.0,0.0,0.0,8.0,37.0,1.0,0.0,0.0,0.0,4.0,1.0,1.0,100.0,2.0,3.0,67.0,0.0,0.0,0.0,2.0,0.0,6.0,3.0,0.0,2.0,1.0,3.0,4.0,75.0,2.0,6.0,33.0,1.0,0.0,5.0,5.0,0.0,0.0,0.0,0.0,0.0,0.0,0.0,0.0,0.0,0.0,0.0,0.0,0.0,0.0,japao_x_holanda_estatisticas,4,japao,Japão,holanda,Holanda,build/extracted/japao_holanda_dados/japao_x_holanda_estatisticas.csv,tsuyoshi_watanabe,tsuyoshi_watanabe_16,Tsuyoshi Watanabe (16),Defesa,True
Kaishu Sano,No,24,2,6.24,90.0,0.0,0.0,0.0,0.0,0.01,0.01,0.0,25.0,31.0,81.0,0.0,0.0,0.0,0.0,0.0,0.0,0.0,0.0,3.0,39.0,0.0,0.0,0.0,0.0,1.0,0.0,0.0,0.0,0.0,2.0,0.0,0.0,2.0,0.0,2.0,0.0,0.0,0.0,1.0,4.0,2.0,2.0,6.0,33.0,1.0,5.0,20.0,0.0,0.0,3.0,8.0,0.0,0.0,0.0,0.0,0.0,0.0,0.0,0.0,0.0,0.0,0.0,0.0,0.0,0.0,japao_x_holanda_estatisticas,4,japao,Japão,holanda,Holanda,build/extracted/japao_holanda_dados/japao_x_holanda_estatisticas.csv,kaishu_sano,kaishu_sano_24,Kaishu Sano (24),Meio,True
Zion Suzuki,Yes,1,0,6.71,90.0,0.0,0.0,0.0,0.0,0.0,0.0,0.0,10.0,20.0,50.0,0.0,0.0,0.0,0.0,0.0,0.0,0.0,1.0,0.0,28.0,0.0,0.0,0.0,0.0,6.0,0.0,0.0,0.0,1.0,11.0,9.0,0.0,0.0,0.0,0.0,0.0,0.0,0.0,0.0,7.0,0.0,0.0,0.0,0.0,0.0,0.0,0.0,0.0,0.0,0.0,0.0,0.0,0.0,0.0,4.0,2.0,2.16,0.16,2.0,4.0,0.0,0.0,4.0,0.0,0.0,japao_x_holanda_estatisticas,4,japao,Japão,holanda,Holanda,build/extracted/japao_holanda_dados/japao_x_holanda_estatisticas.csv,zion_suzuki,zion_suzuki_1,Zion Suzuki (1),Goleiro,True
Yuito Suzuki,No,17,2,0.0,0.0,0.0,0.0,0.0,0.0,0.0,0.0,0.0,0.0,0.0,0.0,0.0,0.0,0.0,0.0,0.0,0.0,0.0,0.0,0.0,0.0,0.0,0.0,0.0,0.0,0.0,0.0,0.0,0.0,0.0,0.0,0.0,0.0,0.0,0.0,0.0,0.0,0.0,0.0,0.0,0.0,0.0,0.0,0.0,0.0,0.0,0.0,0.0,0.0,0.0,0.0,0.0,0.0,0.0,0.0,0.0,0.0,0.0,0.0,0.0,0.0,0.0,0.0,0.0,0.0,0.0,japao_x_holanda_estatisticas,4,japao,Japão,holanda,Holanda,build/extracted/japao_holanda_dados/japao_x_holanda_estatisticas.csv,yuito_suzuki,yuito_suzuki_17,Yuito Suzuki (17),Meio,False
Tomoki Hayakawa,Yes,23,0,0.0,0.0,0.0,0.0,0.0,0.0,0.0,0.0,0.0,0.0,0.0,0.0,0.0,0.0,0.0,0.0,0.0,0.0,0.0,0.0,0.0,0.0,0.0,0.0,0.0,0.0,0.0,0.0,0.0,0.0,0.0,0.0,0.0,0.0,0.0,0.0,0.0,0.0,0.0,0.0,0.0,0.0,0.0,0.0,0.0,0.0,0.0,0.0,0.0,0.0,0.0,0.0,0.0,0.0,0.0,0.0,0.0,0.0,0.0,0.0,0.0,0.0,0.0,0.0,0.0,0.0,0.0,japao_x_holanda_estatisticas,4,japao,Japão,holanda,Holanda,build/extracted/japao_holanda_dados/japao_x_holanda_estatisticas.csv,tomoki_hayakawa,tomoki_hayakawa_23,Tomoki Hayakawa (23),Goleiro,False
Junnosuke Suzuki,No,25,1,0.0,0.0,0.0,0.0,0.0,0.0,0.0,0.0,0.0,0.0,0.0,0.0,0.0,0.0,0.0,0.0,0.0,0.0,0.0,0.0,0.0,0.0,0.0,0.0,0.0,0.0,0.0,0.0,0.0,0.0,0.0,0.0,0.0,0.0,0.0,0.0,0.0,0.0,0.0,0.0,0.0,0.0,0.0,0.0,0.0,0.0,0.0,0.0,0.0,0.0,0.0,0.0,0.0,0.0,0.0,0.0,0.0,0.0,0.0,0.0,0.0,0.0,0.0,0.0,0.0,0.0,0.0,japao_x_holanda_estatisticas,4,japao,Japão,holanda,Holanda,build/extracted/japao_holanda_dados/japao_x_holanda_estatisticas.csv,junnosuke_suzuki,junnosuke_suzuki_25,Junnosuke Suzuki (25),Defesa,False
Keisuke Goto,No,9,3,0.0,0.0,0.0,0.0,0.0,0.0,0.0,0.0,0.0,0.0,0.0,0.0,0.0,0.0,0.0,0.0,0.0,0.0,0.0,0.0,0.0,0.0,0.0,0.0,0.0,0.0,0.0,0.0,0.0,0.0,0.0,0.0,0.0,0.0,0.0,0.0,0.0,0.0,0.0,0.0,0.0,0.0,0.0,0.0,0.0,0.0,0.0,0.0,0.0,0.0,0.0,0.0,0.0,0.0,0.0,0.0,0.0,0.0,0.0,0.0,0.0,0.0,0.0,0.0,0.0,0.0,0.0,japao_x_holanda_estatisticas,4,japao,Japão,holanda,Holanda,build/extracted/japao_holanda_dados/japao_x_holanda_estatisticas.csv,keisuke_goto,keisuke_goto_9,Keisuke Goto (9),Ataque,False
Kento Shiogai,No,26,3,0.0,6.0,0.0,0.0,0.0,0.0,0.0,0.0,0.0,1.0,1.0,100.0,0.0,0.0,0.0,0.0,0.0,0.0,0.0,0.0,0.0,2.0,0.0,0.0,0.0,0.0,0.0,0.0,0.0,0.0,0.0,0.0,0.0,0.0,0.0,0.0,0.0,0.0,0.0,0.0,0.0,1.0,0.0,0.0,0.0,0.0,0.0,0.0,0.0,0.0,0.0,0.0,0.0,0.0,0.0,0.0,0.0,0.0,0.0,0.0,0.0,0.0,0.0,0.0,0.0,0.0,0.0,japao_x_holanda_estatisticas,4,japao,Japão,holanda,Holanda,build/extracted/japao_holanda_dados/japao_x_holanda_estatisticas.csv,kento_shiogai,kento_shiogai_26,Kento Shiogai (26),Ataque,True
Yuto Nagatomo,No,5,1,6.34,15.0,0.0,0.0,0.0,0.0,0.01,0.01,0.0,2.0,3.0,67.0,0.0,0.0,0.0,0.0,0.0,0.0,0.0,0.0,4.0,11.0,0.0,0.0,0.0,0.0,0.0,0.0,1.0,0.0,0.0,0.0,0.0,0.0,0.0,0.0,0.0,0.0,3.0,2.0,1.0,0.0,0.0,0.0,0.0,0.0,1.0,1.0,100.0,0.0,0.0,1.0,0.0,0.0,0.0,0.0,0.0,0.0,0.0,0.0,0.0,0.0,0.0,0.0,0.0,0.0,0.0,japao_x_suecia_estatisticas,5,japao,Japão,suecia,Suecia,build/extracted/japao_suecia_dados/japao_x_suecia_estatisticas.csv,yuto_nagatomo,yuto_nagatomo_5,Yuto Nagatomo (5),Defesa,True
Shogo Taniguchi,No,3,1,6.28,51.0,0.0,0.0,0.0,0.0,0.01,0.01,0.0,29.0,31.0,94.0,0.0,0.0,0.0,0.0,0.0,0.0,0.0,0.0,6.0,38.0,0.0,0.0,0.0,0.0,3.0,0.0,0.0,0.0,2.0,3.0,67.0,0.0,0.0,0.0,0.0,0.0,6.0,6.0,0.0,0.0,0.0,0.0,1.0,0.0,1.0,2.0,50.0,0.0,1.0,1.0,2.0,0.0,0.0,0.0,0.0,0.0,0.0,0.0,0.0,0.0,0.0,0.0,0.0,0.0,0.0,japao_x_suecia_estatisticas,5,japao,Japão,suecia,Suecia,build/extracted/japao_suecia_dados/japao_x_suecia_estatisticas.csv,shogo_taniguchi,shogo_taniguchi_3,Shogo Taniguchi (3),Defesa,True
Junya Ito,No,14,3,6.24,23.0,0.0,0.0,0.0,0.0,0.01,0.01,0.0,4.0,5.0,80.0,0.0,0.0,0.0,0.0,0.0,0.0,0.0,0.0,1.0,9.0,0.0,0.0,1.0,0.0,0.0,0.0,1.0,0.0,0.0,0.0,0.0,1.0,0.0,0.0,1.0,0.0,0.0,0.0,0.0,1.0,0.0,2.0,3.0,67.0,0.0,0.0,0.0,1.0,0.0,2.0,1.0,0.0,0.0,0.0,0.0,0.0,0.0,0.0,0.0,0.0,0.0,0.0,0.0,0.0,0.0,japao_x_suecia_estatisticas,5,japao,Japão,suecia,Suecia,build/extracted/japao_suecia_dados/japao_x_suecia_estatisticas.csv,junya_ito,junya_ito_14,Junya Ito (14),Ataque,True
Ko Itakura,No,4,1,6.5,39.0,0.0,0.0,0.0,0.0,0.0,0.0,0.0,27.0,29.0,93.0,0.0,0.0,0.0,0.0,0.0,0.0,0.0,0.0,1.0,30.0,0.0,0.0,0.0,0.0,2.0,0.0,0.0,0.0,1.0,2.0,50.0,0.0,0.0,0.0,0.0,0.0,1.0,1.0,0.0,0.0,0.0,0.0,0.0,0.0,3.0,3.0,100.0,0.0,0.0,3.0,0.0,0.0,0.0,0.0,0.0,0.0,0.0,0.0,0.0,0.0,0.0,0.0,0.0,0.0,0.0,japao_x_suecia_estatisticas,5,japao,Japão,suecia,Suecia,build/extracted/japao_suecia_dados/japao_x_suecia_estatisticas.csv,ko_itakura,ko_itakura_4,Ko Itakura (4),Defesa,True
Daichi Kamada,No,15,2,7.42,90.0,0.0,0.0,0.0,0.0,0.16,0.16,0.0,66.0,76.0,87.0,2.0,0.0,0.0,0.0,0.0,0.0,0.0,0.0,1.0,88.0,1.0,1.0,1.0,100.0,10.0,2.0,2.0,100.0,2.0,4.0,50.0,0.0,1.0,0.0,0.0,0.0,1.0,1.0,0.0,11.0,1.0,4.0,7.0,57.0,0.0,2.0,0.0,3.0,1.0,4.0,5.0,1.0,0.0,1.0,0.0,0.0,0.0,0.0,0.0,0.0,0.0,0.0,0.0,0.0,0.0,japao_x_suecia_estatisticas,5,japao,Japão,suecia,Suecia,build/extracted/japao_suecia_dados/japao_x_suecia_estatisticas.csv,daichi_kamada,daichi_kamada_15,Daichi Kamada (15),Meio,True
Ritsu Doan,No,10,2,7.15,67.0,0.0,1.0,0.02,0.0,0.28,0.3,1.0,23.0,28.0,82.0,1.0,0.0,0.0,1.0,0.0,0.0,0.0,1.0,1.0,42.0,0.0,0.0,1.0,0.0,2.0,0.0,2.0,0.0,1.0,2.0,50.0,1.0,1.0,0.02,0.0,0.0,0.0,0.0,1.0,3.0,0.0,2.0,7.0,29.0,0.0,0.0,0.0,2.0,3.0,2.0,5.0,1.0,0.0,0.0,0.0,0.0,0.0,0.0,0.0,0.0,0.0,0.0,0.0,0.0,0.0,japao_x_suecia_estatisticas,5,japao,Japão,suecia,Suecia,build/extracted/japao_suecia_dados/japao_x_suecia_estatisticas.csv,ritsu_doan,ritsu_doan_10,Ritsu Doan (10),Meio,True
Takehiro Tomiyasu,No,22,1,0.0,0.0,0.0,0.0,0.0,0.0,0.0,0.0,0.0,0.0,0.0,0.0,0.0,0.0,0.0,0.0,0.0,0.0,0.0,0.0,0.0,0.0,0.0,0.0,0.0,0.0,0.0,0.0,0.0,0.0,0.0,0.0,0.0,0.0,0.0,0.0,0.0,0.0,0.0,0.0,0.0,0.0,0.0,0.0,0.0,0.0,0.0,0.0,0.0,0.0,0.0,0.0,0.0,0.0,0.0,0.0,0.0,0.0,0.0,0.0,0.0,0.0,0.0,0.0,0.0,0.0,0.0,japao_x_suecia_estatisticas,5,japao,Japão,suecia,Suecia,build/extracted/japao_suecia_dados/japao_x_suecia_estatisticas.csv,takehiro_tomiyasu,takehiro_tomiyasu_22,Takehiro Tomiyasu (22),Defesa,False
Koki Ogawa,No,19,3,5.81,24.0,0.0,0.0,0.31,0.0,0.0,0.31,1.0,3.0,3.0,100.0,0.0,0.0,1.0,0.0,0.0,1.0,0.0,1.0,0.0,5.0,1.0,0.0,0.0,0.0,0.0,0.0,0.0,0.0,0.0,0.0,0.0,0.0,0.0,0.31,0.0,0.0,0.0,0.0,0.0,0.0,0.0,0.0,1.0,0.0,0.0,1.0,0.0,0.0,1.0,0.0,2.0,0.0,1.0,0.0,0.0,0.0,0.0,0.0,0.0,0.0,0.0,0.0,0.0,0.0,0.0,japao_x_suecia_estatisticas,5,japao,Japão,suecia,Suecia,build/extracted/japao_suecia_dados/japao_x_suecia_estatisticas.csv,koki_ogawa,koki_ogawa_19,Koki Ogawa (19),Ataque,True
Daizen Maeda,No,11,3,7.97,90.0,1.0,0.0,0.68,0.75,0.04,0.7200000000000001,2.0,11.0,11.0,100.0,1.0,1.0,1.0,0.0,1.0,2.0,50.0,1.0,8.0,28.0,3.0,0.0,1.0,0.0,0.0,0.0,0.0,0.0,0.0,0.0,0.0,0.0,0.0,0.68,4.0,0.0,4.0,1.0,0.0,3.0,1.0,4.0,7.0,57.0,1.0,2.0,50.0,0.0,2.0,5.0,4.0,0.0,0.0,1.0,0.0,0.0,0.0,0.0,0.0,0.0,0.0,0.0,0.0,0.0,0.0,japao_x_suecia_estatisticas,5,japao,Japão,suecia,Suecia,build/extracted/japao_suecia_dados/japao_x_suecia_estatisticas.csv,daizen_maeda,daizen_maeda_11,Daizen Maeda (11),Ataque,True
Hiroki Ito,No,21,1,6.97,90.0,0.0,0.0,0.0,0.0,0.07,0.07,0.0,33.0,38.0,87.0,1.0,0.0,0.0,0.0,0.0,0.0,0.0,0.0,6.0,54.0,1.0,0.0,0.0,0.0,4.0,1.0,3.0,33.0,3.0,4.0,75.0,0.0,0.0,0.0,1.0,1.0,4.0,4.0,0.0,5.0,1.0,1.0,5.0,20.0,3.0,3.0,100.0,0.0,3.0,4.0,4.0,0.0,0.0,0.0,0.0,0.0,0.0,0.0,0.0,0.0,0.0,0.0,0.0,0.0,0.0,japao_x_suecia_estatisticas,5,japao,Japão,suecia,Suecia,build/extracted/japao_suecia_dados/japao_x_suecia_estatisticas.csv,hiroki_ito,hiroki_ito_21,Hiroki Ito (21),Defesa,True
Ayumu Seko,No,20,1,6.55,75.0,0.0,0.0,0.0,0.0,0.01,0.01,0.0,31.0,38.0,82.0,0.0,0.0,0.0,0.0,0.0,0.0,0.0,0.0,5.0,49.0,0.0,0.0,0.0,0.0,5.0,0.0,0.0,0.0,1.0,7.0,14.0,0.0,0.0,0.0,1.0,0.0,3.0,2.0,1.0,0.0,0.0,1.0,1.0,100.0,1.0,3.0,33.0,0.0,0.0,2.0,2.0,0.0,0.0,0.0,0.0,0.0,0.0,0.0,0.0,0.0,0.0,0.0,0.0,0.0,0.0,japao_x_suecia_estatisticas,5,japao,Japão,suecia,Suecia,build/extracted/japao_suecia_dados/japao_x_suecia_estatisticas.csv,ayumu_seko,ayumu_seko_20,Ayumu Seko (20),Defesa,True
Keito Nakamura,No,13,3,7.24,75.0,0.0,0.0,0.06,0.51,0.06,0.12,1.0,24.0,28.0,86.0,2.0,1.0,0.0,0.0,1.0,1.0,100.0,1.0,1.0,41.0,3.0,2.0,3.0,67.0,2.0,1.0,2.0,50.0,0.0,0.0,0.0,0.0,0.0,0.06,0.0,0.0,1.0,0.0,0.0,2.0,0.0,2.0,3.0,67.0,0.0,0.0,0.0,0.0,0.0,2.0,1.0,0.0,0.0,0.0,0.0,0.0,0.0,0.0,0.0,0.0,0.0,0.0,0.0,0.0,0.0,japao_x_suecia_estatisticas,5,japao,Japão,suecia,Suecia,build/extracted/japao_suecia_dados/japao_x_suecia_estatisticas.csv,keito_nakamura,keito_nakamura_13,Keito Nakamura (13),Ataque,True
Shuto Machino,No,6,3,0.0,0.0,0.0,0.0,0.0,0.0,0.0,0.0,0.0,0.0,0.0,0.0,0.0,0.0,0.0,0.0,0.0,0.0,0.0,0.0,0.0,0.0,0.0,0.0,0.0,0.0,0.0,0.0,0.0,0.0,0.0,0.0,0.0,0.0,0.0,0.0,0.0,0.0,0.0,0.0,0.0,0.0,0.0,0.0,0.0,0.0,0.0,0.0,0.0,0.0,0.0,0.0,0.0,0.0,0.0,0.0,0.0,0.0,0.0,0.0,0.0,0.0,0.0,0.0,0.0,0.0,0.0,japao_x_suecia_estatisticas,5,japao,Japão,suecia,Suecia,build/extracted/japao_suecia_dados/japao_x_suecia_estatisticas.csv,shuto_machino,shuto_machino_6,Shuto Machino (6),Ataque,False
Keisuke Osako,Yes,12,0,0.0,0.0,0.0,0.0,0.0,0.0,0.0,0.0,0.0,0.0,0.0,0.0,0.0,0.0,0.0,0.0,0.0,0.0,0.0,0.0,0.0,0.0,0.0,0.0,0.0,0.0,0.0,0.0,0.0,0.0,0.0,0.0,0.0,0.0,0.0,0.0,0.0,0.0,0.0,0.0,0.0,0.0,0.0,0.0,0.0,0.0,0.0,0.0,0.0,0.0,0.0,0.0,0.0,0.0,0.0,0.0,0.0,0.0,0.0,0.0,0.0,0.0,0.0,0.0,0.0,0.0,0.0,japao_x_suecia_estatisticas,5,japao,Japão,suecia,Suecia,build/extracted/japao_suecia_dados/japao_x_suecia_estatisticas.csv,keisuke_osako,keisuke_osako_12,Keisuke Osako (12),Goleiro,False
Yukinari Sugawara,No,2,1,7.23,90.0,0.0,0.0,0.01,0.01,0.01,0.02,1.0,26.0,34.0,76.0,0.0,1.0,0.0,0.0,1.0,1.0,100.0,1.0,12.0,60.0,2.0,0.0,0.0,0.0,3.0,0.0,2.0,0.0,1.0,6.0,17.0,0.0,0.0,0.01,2.0,1.0,9.0,4.0,0.0,3.0,0.0,3.0,5.0,60.0,2.0,5.0,40.0,1.0,3.0,5.0,5.0,0.0,0.0,0.0,0.0,0.0,0.0,0.0,0.0,0.0,0.0,0.0,0.0,0.0,1.0,japao_x_suecia_estatisticas,5,japao,Japão,suecia,Suecia,build/extracted/japao_suecia_dados/japao_x_suecia_estatisticas.csv,yukinari_sugawara,yukinari_sugawara_2,Yukinari Sugawara (2),Defesa,True
Ao Tanaka,No,7,2,7.57,90.0,0.0,0.0,0.05,0.0,0.02,0.07,1.0,68.0,76.0,89.0,1.0,0.0,1.0,0.0,0.0,1.0,0.0,1.0,5.0,93.0,0.0,3.0,3.0,100.0,7.0,0.0,0.0,0.0,2.0,4.0,50.0,0.0,0.0,0.05,3.0,0.0,1.0,1.0,1.0,8.0,1.0,8.0,13.0,62.0,1.0,2.0,50.0,2.0,4.0,9.0,6.0,0.0,0.0,0.0,0.0,0.0,0.0,0.0,0.0,0.0,0.0,0.0,0.0,0.0,0.0,japao_x_suecia_estatisticas,5,japao,Japão,suecia,Suecia,build/extracted/japao_suecia_dados/japao_x_suecia_estatisticas.csv,ao_tanaka,ao_tanaka_7,Ao Tanaka (7),Meio,True
Ayase Ueda,No,18,3,6.11,66.0,0.0,0.0,0.08,0.0,0.01,0.09,1.0,8.0,9.0,89.0,0.0,0.0,0.0,1.0,0.0,0.0,0.0,1.0,1.0,17.0,0.0,0.0,0.0,0.0,2.0,0.0,0.0,0.0,0.0,0.0,0.0,0.0,1.0,0.08,0.0,0.0,1.0,1.0,0.0,1.0,0.0,2.0,5.0,40.0,1.0,4.0,25.0,2.0,2.0,3.0,6.0,0.0,0.0,1.0,0.0,0.0,0.0,0.0,0.0,0.0,0.0,0.0,0.0,0.0,0.0,japao_x_suecia_estatisticas,5,japao,Japão,suecia,Suecia,build/extracted/japao_suecia_dados/japao_x_suecia_estatisticas.csv,ayase_ueda,ayase_ueda_18,Ayase Ueda (18),Ataque,True
Tsuyoshi Watanabe,No,16,1,6.31,15.0,0.0,0.0,0.0,0.0,0.0,0.0,0.0,10.0,11.0,91.0,0.0,0.0,0.0,0.0,0.0,0.0,0.0,0.0,4.0,15.0,0.0,0.0,0.0,0.0,3.0,0.0,0.0,0.0,0.0,0.0,0.0,0.0,0.0,0.0,1.0,1.0,2.0,0.0,0.0,0.0,0.0,1.0,1.0,100.0,0.0,0.0,0.0,0.0,0.0,1.0,0.0,0.0,0.0,0.0,0.0,0.0,0.0,0.0,0.0,0.0,0.0,0.0,0.0,0.0,0.0,japao_x_suecia_estatisticas,5,japao,Japão,suecia,Suecia,build/extracted/japao_suecia_dados/japao_x_suecia_estatisticas.csv,tsuyoshi_watanabe,tsuyoshi_watanabe_16,Tsuyoshi Watanabe (16),Defesa,True
Kaishu Sano,No,24,2,0.0,0.0,0.0,0.0,0.0,0.0,0.0,0.0,0.0,0.0,0.0,0.0,0.0,0.0,0.0,0.0,0.0,0.0,0.0,0.0,0.0,0.0,0.0,0.0,0.0,0.0,0.0,0.0,0.0,0.0,0.0,0.0,0.0,0.0,0.0,0.0,0.0,0.0,0.0,0.0,0.0,0.0,0.0,0.0,0.0,0.0,0.0,0.0,0.0,0.0,0.0,0.0,0.0,0.0,0.0,0.0,0.0,0.0,0.0,0.0,0.0,0.0,0.0,0.0,0.0,0.0,0.0,japao_x_suecia_estatisticas,5,japao,Japão,suecia,Suecia,build/extracted/japao_suecia_dados/japao_x_suecia_estatisticas.csv,kaishu_sano,kaishu_sano_24,Kaishu Sano (24),Meio,False
Zion Suzuki,Yes,1,0,7.39,90.0,0.0,0.0,0.0,0.0,0.0,0.0,0.0,13.0,25.0,52.0,0.0,0.0,0.0,0.0,0.0,0.0,0.0,1.0,4.0,35.0,0.0,0.0,0.0,0.0,8.0,0.0,0.0,0.0,5.0,17.0,29.0,0.0,0.0,0.0,0.0,0.0,4.0,0.0,0.0,5.0,0.0,0.0,0.0,0.0,3.0,4.0,75.0,0.0,0.0,3.0,1.0,0.0,0.0,0.0,4.0,1.0,1.16,0.16,3.0,2.0,0.0,4.0,1.0,1.0,0.0,japao_x_suecia_estatisticas,5,japao,Japão,suecia,Suecia,build/extracted/japao_suecia_dados/japao_x_suecia_estatisticas.csv,zion_suzuki,zion_suzuki_1,Zion Suzuki (1),Goleiro,True
Yuito Suzuki,No,17,2,0.0,0.0,0.0,0.0,0.0,0.0,0.0,0.0,0.0,0.0,0.0,0.0,0.0,0.0,0.0,0.0,0.0,0.0,0.0,0.0,0.0,0.0,0.0,0.0,0.0,0.0,0.0,0.0,0.0,0.0,0.0,0.0,0.0,0.0,0.0,0.0,0.0,0.0,0.0,0.0,0.0,0.0,0.0,0.0,0.0,0.0,0.0,0.0,0.0,0.0,0.0,0.0,0.0,0.0,0.0,0.0,0.0,0.0,0.0,0.0,0.0,0.0,0.0,0.0,0.0,0.0,0.0,japao_x_suecia_estatisticas,5,japao,Japão,suecia,Suecia,build/extracted/japao_suecia_dados/japao_x_suecia_estatisticas.csv,yuito_suzuki,yuito_suzuki_17,Yuito Suzuki (17),Meio,False
Tomoki Hayakawa,Yes,23,0,0.0,0.0,0.0,0.0,0.0,0.0,0.0,0.0,0.0,0.0,0.0,0.0,0.0,0.0,0.0,0.0,0.0,0.0,0.0,0.0,0.0,0.0,0.0,0.0,0.0,0.0,0.0,0.0,0.0,0.0,0.0,0.0,0.0,0.0,0.0,0.0,0.0,0.0,0.0,0.0,0.0,0.0,0.0,0.0,0.0,0.0,0.0,0.0,0.0,0.0,0.0,0.0,0.0,0.0,0.0,0.0,0.0,0.0,0.0,0.0,0.0,0.0,0.0,0.0,0.0,0.0,0.0,japao_x_suecia_estatisticas,5,japao,Japão,suecia,Suecia,build/extracted/japao_suecia_dados/japao_x_suecia_estatisticas.csv,tomoki_hayakawa,tomoki_hayakawa_23,Tomoki Hayakawa (23),Goleiro,False
Junnosuke Suzuki,No,25,1,0.0,0.0,0.0,0.0,0.0,0.0,0.0,0.0,0.0,0.0,0.0,0.0,0.0,0.0,0.0,0.0,0.0,0.0,0.0,0.0,0.0,0.0,0.0,0.0,0.0,0.0,0.0,0.0,0.0,0.0,0.0,0.0,0.0,0.0,0.0,0.0,0.0,0.0,0.0,0.0,0.0,0.0,0.0,0.0,0.0,0.0,0.0,0.0,0.0,0.0,0.0,0.0,0.0,0.0,0.0,0.0,0.0,0.0,0.0,0.0,0.0,0.0,0.0,0.0,0.0,0.0,0.0,japao_x_suecia_estatisticas,5,japao,Japão,suecia,Suecia,build/extracted/japao_suecia_dados/japao_x_suecia_estatisticas.csv,junnosuke_suzuki,junnosuke_suzuki_25,Junnosuke Suzuki (25),Defesa,False
Keisuke Goto,No,9,3,0.0,0.0,0.0,0.0,0.0,0.0,0.0,0.0,0.0,0.0,0.0,0.0,0.0,0.0,0.0,0.0,0.0,0.0,0.0,0.0,0.0,0.0,0.0,0.0,0.0,0.0,0.0,0.0,0.0,0.0,0.0,0.0,0.0,0.0,0.0,0.0,0.0,0.0,0.0,0.0,0.0,0.0,0.0,0.0,0.0,0.0,0.0,0.0,0.0,0.0,0.0,0.0,0.0,0.0,0.0,0.0,0.0,0.0,0.0,0.0,0.0,0.0,0.0,0.0,0.0,0.0,0.0,japao_x_suecia_estatisticas,5,japao,Japão,suecia,Suecia,build/extracted/japao_suecia_dados/japao_x_suecia_estatisticas.csv,keisuke_goto,keisuke_goto_9,Keisuke Goto (9),Ataque,False
Kento Shiogai,No,26,3,0.0,0.0,0.0,0.0,0.0,0.0,0.0,0.0,0.0,0.0,0.0,0.0,0.0,0.0,0.0,0.0,0.0,0.0,0.0,0.0,0.0,0.0,0.0,0.0,0.0,0.0,0.0,0.0,0.0,0.0,0.0,0.0,0.0,0.0,0.0,0.0,0.0,0.0,0.0,0.0,0.0,0.0,0.0,0.0,0.0,0.0,0.0,0.0,0.0,0.0,0.0,0.0,0.0,0.0,0.0,0.0,0.0,0.0,0.0,0.0,0.0,0.0,0.0,0.0,0.0,0.0,0.0,japao_x_suecia_estatisticas,5,japao,Japão,suecia,Suecia,build/extracted/japao_suecia_dados/japao_x_suecia_estatisticas.csv,kento_shiogai,kento_shiogai_26,Kento Shiogai (26),Ataque,False
Yuto Nagatomo,No,5,1,0.0,0.0,0.0,0.0,0.0,0.0,0.0,0.0,0.0,0.0,0.0,0.0,0.0,0.0,0.0,0.0,0.0,0.0,0.0,0.0,0.0,0.0,0.0,0.0,0.0,0.0,0.0,0.0,0.0,0.0,0.0,0.0,0.0,0.0,0.0,0.0,0.0,0.0,0.0,0.0,0.0,0.0,0.0,0.0,0.0,0.0,0.0,0.0,0.0,0.0,0.0,0.0,0.0,0.0,0.0,0.0,0.0,0.0,0.0,0.0,0.0,0.0,0.0,0.0,0.0,0.0,0.0,japao_x_tunisia_estatisticas,6,japao,Japão,tunisia,Tunisia,build/extracted/japao_tunisia_dados/japao_x_tunisia_estatisticas.csv,yuto_nagatomo,yuto_nagatomo_5,Yuto Nagatomo (5),Defesa,False
Shogo Taniguchi,No,3,1,0.0,0.0,0.0,0.0,0.0,0.0,0.0,0.0,0.0,0.0,0.0,0.0,0.0,0.0,0.0,0.0,0.0,0.0,0.0,0.0,0.0,0.0,0.0,0.0,0.0,0.0,0.0,0.0,0.0,0.0,0.0,0.0,0.0,0.0,0.0,0.0,0.0,0.0,0.0,0.0,0.0,0.0,0.0,0.0,0.0,0.0,0.0,0.0,0.0,0.0,0.0,0.0,0.0,0.0,0.0,0.0,0.0,0.0,0.0,0.0,0.0,0.0,0.0,0.0,0.0,0.0,0.0,japao_x_tunisia_estatisticas,6,japao,Japão,tunisia,Tunisia,build/extracted/japao_tunisia_dados/japao_x_tunisia_estatisticas.csv,shogo_taniguchi,shogo_taniguchi_3,Shogo Taniguchi (3),Defesa,False
Junya Ito,No,14,3,7.68,90.0,1.0,0.0,0.64,0.59,0.04,0.68,2.0,34.0,42.0,81.0,0.0,1.0,0.0,1.0,1.0,1.0,100.0,1.0,3.0,70.0,4.0,1.0,8.0,13.0,3.0,1.0,7.0,14.0,1.0,2.0,50.0,5.0,2.0,0.64,2.0,0.0,0.0,0.0,1.0,3.0,1.0,4.0,15.0,27.0,0.0,1.0,0.0,1.0,2.0,4.0,12.0,0.0,0.0,0.0,0.0,0.0,0.0,0.0,0.0,0.0,0.0,0.0,0.0,0.0,0.0,japao_x_tunisia_estatisticas,6,japao,Japão,tunisia,Tunisia,build/extracted/japao_tunisia_dados/japao_x_tunisia_estatisticas.csv,junya_ito,junya_ito_14,Junya Ito (14),Ataque,True
Ko Itakura,No,4,1,8.26,90.0,0.0,1.0,0.0,0.0,0.04,0.04,0.0,85.0,89.0,96.0,2.0,0.0,0.0,0.0,0.0,0.0,0.0,0.0,11.0,101.0,0.0,0.0,0.0,0.0,7.0,0.0,0.0,0.0,2.0,3.0,67.0,0.0,0.0,0.0,1.0,0.0,9.0,3.0,1.0,3.0,0.0,1.0,2.0,50.0,2.0,3.0,67.0,0.0,1.0,3.0,2.0,1.0,0.0,0.0,0.0,0.0,0.0,0.0,0.0,0.0,0.0,0.0,0.0,0.0,0.0,japao_x_tunisia_estatisticas,6,japao,Japão,tunisia,Tunisia,build/extracted/japao_tunisia_dados/japao_x_tunisia_estatisticas.csv,ko_itakura,ko_itakura_4,Ko Itakura (4),Defesa,True
Daichi Kamada,No,15,2,7.72,73.0,1.0,0.0,0.73,0.98,0.01,0.74,1.0,23.0,30.0,77.0,1.0,1.0,0.0,0.0,1.0,1.0,100.0,1.0,1.0,42.0,1.0,0.0,1.0,0.0,2.0,0.0,0.0,0.0,0.0,0.0,0.0,0.0,2.0,0.73,1.0,0.0,0.0,0.0,0.0,2.0,0.0,2.0,5.0,40.0,0.0,0.0,0.0,1.0,0.0,2.0,3.0,0.0,0.0,0.0,0.0,0.0,0.0,0.0,0.0,0.0,0.0,0.0,0.0,0.0,0.0,japao_x_tunisia_estatisticas,6,japao,Japão,tunisia,Tunisia,build/extracted/japao_tunisia_dados/japao_x_tunisia_estatisticas.csv,daichi_kamada,daichi_kamada_15,Daichi Kamada (15),Meio,True
Ritsu Doan,No,10,2,7.03,74.0,0.0,0.0,0.0,0.0,0.01,0.01,0.0,23.0,27.0,85.0,0.0,0.0,0.0,0.0,0.0,0.0,0.0,0.0,2.0,47.0,0.0,0.0,2.0,0.0,5.0,0.0,1.0,0.0,0.0,0.0,0.0,0.0,0.0,0.0,1.0,0.0,1.0,1.0,0.0,2.0,0.0,3.0,5.0,60.0,0.0,0.0,0.0,2.0,0.0,3.0,2.0,0.0,0.0,0.0,0.0,0.0,0.0,0.0,0.0,0.0,0.0,0.0,0.0,0.0,0.0,japao_x_tunisia_estatisticas,6,japao,Japão,tunisia,Tunisia,build/extracted/japao_tunisia_dados/japao_x_tunisia_estatisticas.csv,ritsu_doan,ritsu_doan_10,Ritsu Doan (10),Meio,True
Takehiro Tomiyasu,No,22,1,7.39,79.0,0.0,0.0,0.19,0.0,0.02,0.21,1.0,64.0,72.0,89.0,0.0,0.0,1.0,0.0,0.0,1.0,0.0,1.0,7.0,85.0,1.0,0.0,0.0,0.0,14.0,0.0,1.0,0.0,6.0,10.0,60.0,0.0,0.0,0.19,1.0,1.0,4.0,2.0,1.0,2.0,0.0,1.0,4.0,25.0,3.0,3.0,100.0,0.0,3.0,4.0,3.0,0.0,1.0,0.0,0.0,0.0,0.0,0.0,0.0,0.0,0.0,0.0,0.0,0.0,0.0,japao_x_tunisia_estatisticas,6,japao,Japão,tunisia,Tunisia,build/extracted/japao_tunisia_dados/japao_x_tunisia_estatisticas.csv,takehiro_tomiyasu,takehiro_tomiyasu_22,Takehiro Tomiyasu (22),Defesa,True
Koki Ogawa,No,19,3,0.0,0.0,0.0,0.0,0.0,0.0,0.0,0.0,0.0,0.0,0.0,0.0,0.0,0.0,0.0,0.0,0.0,0.0,0.0,0.0,0.0,0.0,0.0,0.0,0.0,0.0,0.0,0.0,0.0,0.0,0.0,0.0,0.0,0.0,0.0,0.0,0.0,0.0,0.0,0.0,0.0,0.0,0.0,0.0,0.0,0.0,0.0,0.0,0.0,0.0,0.0,0.0,0.0,0.0,0.0,0.0,0.0,0.0,0.0,0.0,0.0,0.0,0.0,0.0,0.0,0.0,0.0,japao_x_tunisia_estatisticas,6,japao,Japão,tunisia,Tunisia,build/extracted/japao_tunisia_dados/japao_x_tunisia_estatisticas.csv,koki_ogawa,koki_ogawa_19,Koki Ogawa (19),Ataque,False
Daizen Maeda,No,11,3,0.0,0.0,0.0,0.0,0.0,0.0,0.0,0.0,0.0,0.0,0.0,0.0,0.0,0.0,0.0,0.0,0.0,0.0,0.0,0.0,0.0,0.0,0.0,0.0,0.0,0.0,0.0,0.0,0.0,0.0,0.0,0.0,0.0,0.0,0.0,0.0,0.0,0.0,0.0,0.0,0.0,0.0,0.0,0.0,0.0,0.0,0.0,0.0,0.0,0.0,0.0,0.0,0.0,0.0,0.0,0.0,0.0,0.0,0.0,0.0,0.0,0.0,0.0,0.0,0.0,0.0,0.0,japao_x_tunisia_estatisticas,6,japao,Japão,tunisia,Tunisia,build/extracted/japao_tunisia_dados/japao_x_tunisia_estatisticas.csv,daizen_maeda,daizen_maeda_11,Daizen Maeda (11),Ataque,False
Hiroki Ito,No,21,1,7.65,90.0,0.0,0.0,0.0,0.0,0.02,0.02,0.0,69.0,76.0,91.0,1.0,0.0,0.0,0.0,0.0,0.0,0.0,0.0,9.0,92.0,0.0,0.0,0.0,0.0,12.0,0.0,1.0,0.0,3.0,7.0,43.0,0.0,0.0,0.0,3.0,0.0,5.0,3.0,1.0,1.0,0.0,3.0,6.0,50.0,2.0,2.0,100.0,0.0,3.0,5.0,3.0,0.0,0.0,0.0,0.0,0.0,0.0,0.0,0.0,0.0,0.0,0.0,0.0,0.0,0.0,japao_x_tunisia_estatisticas,6,japao,Japão,tunisia,Tunisia,build/extracted/japao_tunisia_dados/japao_x_tunisia_estatisticas.csv,hiroki_ito,hiroki_ito_21,Hiroki Ito (21),Defesa,True
Ayumu Seko,No,20,1,6.6,11.0,0.0,0.0,0.0,0.0,0.0,0.0,0.0,11.0,13.0,85.0,1.0,0.0,0.0,0.0,0.0,0.0,0.0,0.0,2.0,15.0,0.0,0.0,0.0,0.0,4.0,0.0,0.0,0.0,0.0,0.0,0.0,0.0,0.0,0.0,0.0,0.0,2.0,2.0,0.0,2.0,0.0,0.0,1.0,0.0,1.0,1.0,100.0,0.0,1.0,1.0,1.0,0.0,0.0,0.0,0.0,0.0,0.0,0.0,0.0,0.0,0.0,0.0,0.0,0.0,0.0,japao_x_tunisia_estatisticas,6,japao,Japão,tunisia,Tunisia,build/extracted/japao_tunisia_dados/japao_x_tunisia_estatisticas.csv,ayumu_seko,ayumu_seko_20,Ayumu Seko (20),Defesa,True
Keito Nakamura,No,13,3,8.16,79.0,0.0,1.0,0.02,0.0,0.59,0.61,1.0,25.0,28.0,89.0,1.0,0.0,0.0,1.0,0.0,0.0,0.0,1.0,3.0,41.0,1.0,2.0,2.0,100.0,2.0,0.0,0.0,0.0,0.0,0.0,0.0,0.0,0.0,0.02,2.0,0.0,1.0,1.0,0.0,5.0,1.0,4.0,6.0,67.0,1.0,1.0,100.0,0.0,1.0,5.0,2.0,1.0,0.0,1.0,0.0,0.0,0.0,0.0,0.0,0.0,0.0,0.0,0.0,0.0,0.0,japao_x_tunisia_estatisticas,6,japao,Japão,tunisia,Tunisia,build/extracted/japao_tunisia_dados/japao_x_tunisia_estatisticas.csv,keito_nakamura,keito_nakamura_13,Keito Nakamura (13),Ataque,True
Keisuke Osako,Yes,12,0,0.0,0.0,0.0,0.0,0.0,0.0,0.0,0.0,0.0,0.0,0.0,0.0,0.0,0.0,0.0,0.0,0.0,0.0,0.0,0.0,0.0,0.0,0.0,0.0,0.0,0.0,0.0,0.0,0.0,0.0,0.0,0.0,0.0,0.0,0.0,0.0,0.0,0.0,0.0,0.0,0.0,0.0,0.0,0.0,0.0,0.0,0.0,0.0,0.0,0.0,0.0,0.0,0.0,0.0,0.0,0.0,0.0,0.0,0.0,0.0,0.0,0.0,0.0,0.0,0.0,0.0,0.0,japao_x_tunisia_estatisticas,6,japao,Japão,tunisia,Tunisia,build/extracted/japao_tunisia_dados/japao_x_tunisia_estatisticas.csv,keisuke_osako,keisuke_osako_12,Keisuke Osako (12),Goleiro,False
Yukinari Sugawara,No,2,1,6.28,16.0,0.0,0.0,0.0,0.0,0.0,0.0,0.0,10.0,15.0,67.0,0.0,0.0,0.0,0.0,0.0,0.0,0.0,0.0,0.0,21.0,2.0,0.0,0.0,0.0,2.0,0.0,0.0,0.0,0.0,2.0,0.0,0.0,0.0,0.0,0.0,0.0,0.0,0.0,0.0,1.0,0.0,0.0,0.0,0.0,1.0,1.0,100.0,0.0,0.0,1.0,0.0,0.0,0.0,0.0,0.0,0.0,0.0,0.0,0.0,0.0,0.0,0.0,0.0,0.0,0.0,japao_x_tunisia_estatisticas,6,japao,Japão,tunisia,Tunisia,build/extracted/japao_tunisia_dados/japao_x_tunisia_estatisticas.csv,yukinari_sugawara,yukinari_sugawara_2,Yukinari Sugawara (2),Defesa,True
Ao Tanaka,No,7,2,7.48,90.0,0.0,0.0,0.03,0.0,0.03,0.06,1.0,72.0,75.0,96.0,0.0,0.0,1.0,0.0,0.0,1.0,0.0,1.0,4.0,85.0,0.0,0.0,0.0,0.0,9.0,0.0,0.0,0.0,1.0,1.0,100.0,0.0,0.0,0.03,4.0,0.0,0.0,0.0,0.0,3.0,0.0,4.0,5.0,80.0,1.0,2.0,50.0,0.0,1.0,5.0,2.0,0.0,0.0,0.0,0.0,0.0,0.0,0.0,0.0,0.0,0.0,0.0,0.0,0.0,0.0,japao_x_tunisia_estatisticas,6,japao,Japão,tunisia,Tunisia,build/extracted/japao_tunisia_dados/japao_x_tunisia_estatisticas.csv,ao_tanaka,ao_tanaka_7,Ao Tanaka (7),Meio,True
Ayase Ueda,No,18,3,9.26,84.0,2.0,1.0,0.54,1.16,0.35,0.89,5.0,9.0,14.0,64.0,2.0,3.0,1.0,1.0,3.0,4.0,75.0,1.0,1.0,28.0,7.0,1.0,2.0,50.0,2.0,0.0,0.0,0.0,0.0,0.0,0.0,0.0,2.0,0.54,0.0,0.0,1.0,1.0,0.0,2.0,0.0,1.0,5.0,20.0,3.0,4.0,75.0,1.0,1.0,4.0,5.0,1.0,1.0,0.0,0.0,0.0,0.0,0.0,0.0,0.0,0.0,0.0,0.0,0.0,0.0,japao_x_tunisia_estatisticas,6,japao,Japão,tunisia,Tunisia,build/extracted/japao_tunisia_dados/japao_x_tunisia_estatisticas.csv,ayase_ueda,ayase_ueda_18,Ayase Ueda (18),Ataque,True
Tsuyoshi Watanabe,No,16,1,0.0,0.0,0.0,0.0,0.0,0.0,0.0,0.0,0.0,0.0,0.0,0.0,0.0,0.0,0.0,0.0,0.0,0.0,0.0,0.0,0.0,0.0,0.0,0.0,0.0,0.0,0.0,0.0,0.0,0.0,0.0,0.0,0.0,0.0,0.0,0.0,0.0,0.0,0.0,0.0,0.0,0.0,0.0,0.0,0.0,0.0,0.0,0.0,0.0,0.0,0.0,0.0,0.0,0.0,0.0,0.0,0.0,0.0,0.0,0.0,0.0,0.0,0.0,0.0,0.0,0.0,0.0,japao_x_tunisia_estatisticas,6,japao,Japão,tunisia,Tunisia,build/extracted/japao_tunisia_dados/japao_x_tunisia_estatisticas.csv,tsuyoshi_watanabe,tsuyoshi_watanabe_16,Tsuyoshi Watanabe (16),Defesa,False
Kaishu Sano,No,24,2,8.08,90.0,0.0,1.0,0.0,0.0,0.3,0.3,0.0,71.0,75.0,95.0,1.0,0.0,0.0,0.0,0.0,0.0,0.0,0.0,3.0,81.0,1.0,0.0,0.0,0.0,5.0,1.0,1.0,100.0,1.0,1.0,100.0,0.0,0.0,0.0,1.0,0.0,0.0,0.0,2.0,4.0,0.0,2.0,4.0,50.0,0.0,0.0,0.0,1.0,2.0,2.0,2.0,0.0,0.0,0.0,0.0,0.0,0.0,0.0,0.0,0.0,0.0,0.0,0.0,0.0,0.0,japao_x_tunisia_estatisticas,6,japao,Japão,tunisia,Tunisia,build/extracted/japao_tunisia_dados/japao_x_tunisia_estatisticas.csv,kaishu_sano,kaishu_sano_24,Kaishu Sano (24),Meio,True
Zion Suzuki,Yes,1,0,7.36,90.0,0.0,0.0,0.0,0.0,0.01,0.01,0.0,17.0,19.0,89.0,0.0,0.0,0.0,0.0,0.0,0.0,0.0,0.0,1.0,26.0,0.0,0.0,0.0,0.0,3.0,0.0,0.0,0.0,3.0,5.0,60.0,0.0,0.0,0.0,0.0,0.0,1.0,0.0,0.0,4.0,0.0,1.0,1.0,100.0,0.0,0.0,0.0,1.0,0.0,1.0,0.0,0.0,0.0,0.0,0.0,0.0,0.0,0.0,0.0,0.0,1.0,0.0,3.0,1.0,0.0,japao_x_tunisia_estatisticas,6,japao,Japão,tunisia,Tunisia,build/extracted/japao_tunisia_dados/japao_x_tunisia_estatisticas.csv,zion_suzuki,zion_suzuki_1,Zion Suzuki (1),Goleiro,True
Yuito Suzuki,No,17,2,6.14,11.0,0.0,0.0,0.0,0.0,0.0,0.0,0.0,4.0,4.0,100.0,0.0,0.0,0.0,0.0,0.0,0.0,0.0,0.0,1.0,8.0,0.0,0.0,0.0,0.0,0.0,0.0,0.0,0.0,0.0,0.0,0.0,0.0,1.0,0.0,1.0,0.0,0.0,0.0,0.0,1.0,0.0,1.0,2.0,50.0,0.0,0.0,0.0,0.0,0.0,1.0,1.0,0.0,0.0,0.0,0.0,0.0,0.0,0.0,0.0,0.0,0.0,0.0,0.0,0.0,0.0,japao_x_tunisia_estatisticas,6,japao,Japão,tunisia,Tunisia,build/extracted/japao_tunisia_dados/japao_x_tunisia_estatisticas.csv,yuito_suzuki,yuito_suzuki_17,Yuito Suzuki (17),Meio,True
Tomoki Hayakawa,Yes,23,0,0.0,0.0,0.0,0.0,0.0,0.0,0.0,0.0,0.0,0.0,0.0,0.0,0.0,0.0,0.0,0.0,0.0,0.0,0.0,0.0,0.0,0.0,0.0,0.0,0.0,0.0,0.0,0.0,0.0,0.0,0.0,0.0,0.0,0.0,0.0,0.0,0.0,0.0,0.0,0.0,0.0,0.0,0.0,0.0,0.0,0.0,0.0,0.0,0.0,0.0,0.0,0.0,0.0,0.0,0.0,0.0,0.0,0.0,0.0,0.0,0.0,0.0,0.0,0.0,0.0,0.0,0.0,japao_x_tunisia_estatisticas,6,japao,Japão,tunisia,Tunisia,build/extracted/japao_tunisia_dados/japao_x_tunisia_estatisticas.csv,tomoki_hayakawa,tomoki_hayakawa_23,Tomoki Hayakawa (23),Goleiro,False
Junnosuke Suzuki,No,25,1,6.23,17.0,0.0,0.0,0.0,0.0,0.0,0.0,0.0,3.0,3.0,100.0,0.0,0.0,0.0,0.0,0.0,0.0,0.0,0.0,2.0,6.0,0.0,0.0,0.0,0.0,0.0,0.0,0.0,0.0,0.0,0.0,0.0,0.0,0.0,0.0,0.0,0.0,1.0,1.0,1.0,0.0,0.0,0.0,0.0,0.0,0.0,0.0,0.0,0.0,0.0,0.0,0.0,0.0,0.0,0.0,0.0,0.0,0.0,0.0,0.0,0.0,0.0,0.0,0.0,0.0,0.0,japao_x_tunisia_estatisticas,6,japao,Japão,tunisia,Tunisia,build/extracted/japao_tunisia_dados/japao_x_tunisia_estatisticas.csv,junnosuke_suzuki,junnosuke_suzuki_25,Junnosuke Suzuki (25),Defesa,True
Keisuke Goto,No,9,3,0.0,6.0,0.0,0.0,0.0,0.0,0.0,0.0,0.0,1.0,1.0,100.0,0.0,0.0,0.0,0.0,0.0,0.0,0.0,0.0,1.0,3.0,0.0,0.0,0.0,0.0,0.0,0.0,0.0,0.0,1.0,1.0,100.0,0.0,0.0,0.0,1.0,0.0,0.0,0.0,0.0,0.0,0.0,2.0,2.0,100.0,0.0,0.0,0.0,1.0,0.0,2.0,0.0,0.0,0.0,0.0,0.0,0.0,0.0,0.0,0.0,0.0,0.0,0.0,0.0,0.0,0.0,japao_x_tunisia_estatisticas,6,japao,Japão,tunisia,Tunisia,build/extracted/japao_tunisia_dados/japao_x_tunisia_estatisticas.csv,keisuke_goto,keisuke_goto_9,Keisuke Goto (9),Ataque,True
Kento Shiogai,No,26,3,0.0,0.0,0.0,0.0,0.0,0.0,0.0,0.0,0.0,0.0,0.0,0.0,0.0,0.0,0.0,0.0,0.0,0.0,0.0,0.0,0.0,0.0,0.0,0.0,0.0,0.0,0.0,0.0,0.0,0.0,0.0,0.0,0.0,0.0,0.0,0.0,0.0,0.0,0.0,0.0,0.0,0.0,0.0,0.0,0.0,0.0,0.0,0.0,0.0,0.0,0.0,0.0,0.0,0.0,0.0,0.0,0.0,0.0,0.0,0.0,0.0,0.0,0.0,0.0,0.0,0.0,0.0,japao_x_tunisia_estatisticas,6,japao,Japão,tunisia,Tunisia,build/extracted/japao_tunisia_dados/japao_x_tunisia_estatisticas.csv,kento_shiogai,kento_shiogai_26,Kento Shiogai (26),Ataque,False
